innings,runs,venue_mean,count_batsmen,count_bowlers,batsmen_mean,bowlers_mean
1,61,46.29411765,3,3,0.8627092256566452,1.8525046339260538
2,26,46.29411765,6,3,0.8854668237360334,1.3787339131171084
1,54,45.04255319,3,3,0.901586283245632,1.2929977793957101
2,51,46.1372549,4,3,0.9946560511450483,1.3313091112852413
1,56,45.29133858,2,4,1.2351978456893242,1.4987215958518045
2,47,45.29133858,3,4,1.1441275962485715,1.1551705244315353
1,16,38.33333333,2,2,1.2130883568282325,1.2769642778792947
2,28,38.33333333,4,3,1.0463084754609138,1.277059425945433
1,72,48.42857143,6,5,1.136482962028987,1.2853183676697768
2,61,48.42857143,4,4,1.1267398038173313,1.434140562177931
1,46,45.50340136,4,3,1.0264721279059488,1.2687340803278782
2,50,45.50340136,4,4,1.1991417240131415,1.2203768995175786
1,68,45.29133858,3,5,1.2303234566270846,1.2666732930657538
1,41,48.42857143,5,3,1.1110249108255352,1.4282076745041792
1,29,45.04255319,2,4,1.1122436007315182,1.1987308703440298
2,47,48.42857143,4,4,1.141721352340449,1.4976779585681608
1,66,51.86363636,2,4,1.0790231596403648,1.236840335806657
2,53,51.86363636,4,3,1.1991417240131415,1.3858492803835503
1,54,46.29411765,2,4,1.1920093233525533,1.2387384174215512
1,29,45.29133858,5,3,1.153711395479112,1.2192642273672545
2,38,45.29133858,2,4,1.0934297280149565,1.2020602003066343
1,48,45.50340136,2,2,1.0934297280149565,1.2431872086663411
2,54,45.50340136,4,3,1.1380219678499277,1.2192642273672545
1,41,47.45238095,2,4,1.2004347155185682,1.3164038206354909
2,40,47.45238095,4,3,1.0916804594176996,1.326921106594689
2,36,45.04255319,4,3,1.2222921477499988,1.1755537879427616
1,29,38.78571429,4,2,1.1267398038173313,1.2431872086663411
2,34,38.78571429,3,3,1.1230629904592204,1.326921106594689
1,61,46.1372549,3,4,1.0591834321464577,1.3154272730026362
2,31,46.1372549,3,3,1.127228229275404,1.2192642273672545
1,37,45.50340136,6,3,0.9565574593758178,1.4262394318860545
2,57,45.50340136,2,2,1.1367422626795636,1.1830424933584311
1,35,46.1372549,6,3,1.1160376169765647,1.3392390983518208
2,47,46.1372549,2,3,1.1668608796809061,1.2199148002412092
1,52,48.42857143,2,4,1.0921124445902437,1.3987227683966164
2,57,48.42857143,3,4,1.1741608649692228,1.4209642092272072
1,26,45.29133858,4,2,0.953853520597623,1.3741469848040264
1,49,46.29411765,3,3,1.1819458282624928,1.1316558073456957
2,56,46.29411765,3,4,1.2303234566270846,1.5048278614501256
1,40,46.1372549,3,3,1.1316521610508326,1.241928673226303
2,53,46.1372549,3,3,0.8608046934068684,1.2300215721781704
1,57,55.3,3,4,1.1649130421538547,1.37222814502503
2,62,55.3,2,4,1.169791847442809,1.398401914414446
1,37,47.68376068,3,4,1.0819162841074201,1.317087321041492
2,28,47.68376068,3,4,1.1650562860236326,1.3338980614746192
1,36,45.29133858,4,3,1.1152720763758577,1.2687340803278782
2,36,45.29133858,2,3,1.1668608796809061,1.216228794643509
2,44,45.29133858,3,3,1.1622067767173916,1.1742185217357164
1,31,45.50340136,4,2,1.0128688896098152,1.2476681347450735
2,42,45.50340136,3,4,1.1741608649692228,1.2316923441443053
1,49,48.42857143,3,4,1.1649130421538547,1.4484594685761307
2,50,48.42857143,2,3,1.0921124445902437,1.2425753052639674
1,63,46.29411765,3,3,1.1819458282624928,1.2754638653628823
2,51,46.29411765,4,3,1.1582992803040568,1.3743136026328713
1,40,45.29133858,4,4,1.10143917366976,1.281427508243492
2,33,45.29133858,3,4,1.2303234566270846,1.237375233911865
1,41,48.42857143,3,3,1.0819162841074201,1.2687340803278782
2,65,48.42857143,2,4,1.1668608796809061,1.4062570645462176
1,36,46.29411765,3,3,0.7637065503819449,1.1755537879427616
1,49,45.50340136,3,3,1.1868165848154426,1.241928673226303
2,51,45.50340136,3,3,1.0299341123456185,1.295975094486878
1,50,55.3,3,4,1.1741608649692228,1.2891057230391714
2,63,55.3,2,4,1.2351978456893242,1.2237691041791
1,48,47.45238095,3,3,1.1868165848154426,1.2597322078373416
2,36,47.45238095,5,4,1.11011186761854,1.2703854813920954
1,41,47.68376068,3,4,1.1650562860236326,1.2316923441443053
2,52,47.68376068,3,4,1.0299341123456185,1.3895859766077994
1,35,45.29133858,4,4,1.1210468862378256,1.2891057230391714
2,65,45.29133858,2,4,1.2351978456893242,1.5250844783746875
2,39,46.29411765,2,4,1.1122436007315182,1.0819679521549932
1,50,55.3,3,4,1.1026486866830996,1.358050576066553
2,72,55.3,2,4,1.2130883568282325,1.2148396444570342
1,31,47.45238095,3,4,1.1236699441278015,1.2667644268051335
2,59,47.45238095,4,3,1.1768259178448384,1.2995463111220933
1,39,48.42857143,3,3,1.0299341123456185,1.3109910968631857
2,40,48.42857143,4,3,1.0800824553586834,1.241928673226303
1,27,45.29133858,5,3,0.8460085813804327,1.4110683087822586
2,46,45.29133858,3,3,1.1236699441278015,1.1316558073456957
1,71,47.68376068,2,3,1.2130883568282325,1.2803672286792611
2,22,47.68376068,5,2,1.0975281828468315,1.2476681347450735
1,51,48.42857143,2,3,1.0308902105473625,1.2597931174411103
1,59,45.50340136,2,4,1.1668608796809061,1.237375233911865
2,64,45.50340136,3,4,1.0299341123456185,1.261787819774267
1,48,47.45238095,3,2,1.0333154182079431,1.2476681347450735
2,72,47.45238095,2,4,1.2130883568282325,1.284550248150298
1,37,47.68376068,5,3,1.1122070581999126,1.3942128787521681
2,43,47.68376068,4,2,1.2483699293642483,1.2696092329047266
1,49,45.29133858,3,5,1.2299294160047587,1.3750361756064857
2,45,45.29133858,3,3,1.1868165848154426,1.1316558073456957
1,59,55.3,2,3,0.9855344066732015,1.2893506629530298
2,36,55.3,4,5,1.1313273793568908,1.4779434731073415
2,38,48.42857143,4,3,0.68278674795205,1.3266903012212994
1,54,47.45238095,3,4,1.0333154182079431,1.2316923441443053
2,47,47.45238095,3,3,1.0299341123456185,1.208995437218609
1,40,46.29411765,3,3,1.2361127009764223,1.2580974770433306
2,37,46.29411765,4,5,1.1800132955210776,1.3431357001832
1,35,55.3,5,4,1.1288812173007812,1.3231109900707838
2,61,55.3,2,3,1.1466352461435938,1.2472334348810454
1,40,46.1372549,2,4,1.1668608796809061,1.3901945553220676
2,37,46.1372549,5,3,1.0857870422872682,1.334731250241641
1,48,47.68376068,3,3,1.0964501002576783,1.208995437218609
2,50,47.68376068,2,3,1.2929815506714322,1.22021383768201
1,58,45.50340136,2,3,0.982028739533854,1.5630640780013192
1,26,45.29133858,5,3,1.1288812173007812,1.1316558073456957
2,38,45.29133858,4,3,1.2275907316292205,1.3294228486869928
1,60,46.29411765,3,5,1.1617675690522629,1.4416606174875843
2,46,46.29411765,2,3,1.2077408503479927,1.2415337617576145
1,45,48.42857143,3,4,1.0681989502340863,1.3231109900707838
2,51,48.42857143,2,5,1.1821244386955323,1.4779434731073415
1,51,40.96153846,2,4,1.2351978456893242,1.237375233911865
2,32,40.96153846,7,3,0.9982726961001919,1.3049442204375648
1,28,46.1372549,6,3,1.195024801345018,1.419012105480317
2,46,46.1372549,3,4,1.203025204559505,1.3150371824476013
2,53,45.04255319,5,3,1.2038402148080887,1.3187933638014997
2,28,45.50340136,5,3,1.0642435080099815,1.1450570059030234
1,56,48.42857143,2,5,1.2077408503479927,1.3922901334166213
2,50,48.42857143,3,4,1.1769277655631105,1.3848922939766777
1,34,40.96153846,3,2,1.2299294160047587,1.2459995321038415
2,25,40.96153846,4,3,0.9596257335702555,1.3049442204375648
1,25,46.29411765,4,4,1.2133265391699024,1.2316923441443053
2,39,46.29411765,3,4,1.0299341123456185,1.3734859531297934
1,51,45.29133858,2,3,1.2351978456893242,1.2613296466487467
2,50,45.29133858,3,4,1.1592815934785297,1.2384823219795429
1,21,40.96153846,4,3,0.9381507900222702,1.3127834544064347
2,32,40.96153846,3,4,1.1769277655631105,1.2316923441443053
1,35,45.50340136,6,3,0.9792477433373982,1.28601281417187
1,42,46.29411765,3,4,1.1819458282624928,1.5113500569101208
2,41,46.29411765,4,4,1.1604545289670714,1.3029241439991415
1,37,46.1372549,4,3,1.1270339126227436,1.3223557289085799
1,47,48.42857143,3,4,1.1769277655631105,1.2454945413195657
2,55,48.42857143,2,6,1.2351978456893242,1.4299362442090215
1,45,40.96153846,2,3,1.1533225990258225,1.2803672286792611
2,49,40.96153846,4,4,1.147248747950345,1.213613540986997
1,51,46.1372549,3,4,1.1316521610508326,1.2325715509995938
2,63,46.1372549,2,4,1.2004347155185682,1.2668434935486643
1,28,40.96153846,4,3,1.1582992803040568,1.258451516506384
2,35,45.50340136,3,4,1.2402178465960212,1.4061005379205114
2,44,40.96153846,3,3,1.2029320148923501,1.2199148002412092
1,63,46.29411765,2,5,1.2004347155185682,1.4907934804866614
2,59,46.29411765,6,5,1.1572344900237799,1.3744713216323476
1,44,55.0,4,3,1.1632760070869026,1.419012105480317
2,55,55.0,5,3,1.1288812173007812,1.2959742814384823
1,46,38.33333333,2,4,1.2351978456893242,1.1454676273112776
2,37,38.33333333,3,3,1.143766251810839,1.216228794643509
1,52,40.96153846,2,4,1.1413126985620523,1.267640278697388
2,44,40.96153846,3,3,1.2029320148923501,1.4502883303754188
1,49,55.0,5,3,1.1725307191357008,1.419012105480317
1,42,42.32352941,3,4,1.2402178465960212,1.1608845053140198
2,70,55.0,3,4,1.1741608649692228,1.2079306512194372
1,48,46.1372549,3,4,1.1689418869252626,1.3209982330544685
2,48,46.1372549,3,4,1.1500637461763674,1.3013774997874075
1,43,38.33333333,3,5,1.143766251810839,1.3744713216323476
2,49,38.33333333,4,2,1.2133265391699024,1.1875246609216474
1,23,46.29411765,5,3,1.1288812173007812,1.2255928164295489
2,31,46.29411765,7,3,0.9279779636422243,1.2893506629530298
1,43,47.68376068,3,3,1.2303234566270846,1.1639675496150568
2,46,47.68376068,3,4,1.1689418869252626,1.2891057230391714
1,38,47.68376068,4,4,1.0799049823950932,1.2286008297421345
2,41,42.32352941,3,2,1.0423553560137646,1.3741469848040264
2,46,47.68376068,4,4,1.1367484193959885,1.375850087898485
1,59,46.29411765,2,3,1.2351978456893242,1.2816459687814872
2,59,46.29411765,2,4,1.2004347155185682,1.3089242817929256
1,59,45.29133858,3,5,1.2303234566270846,1.3921557567749803
2,54,45.29133858,3,4,0.9192135688118338,1.2924450943003891
1,61,47.45238095,3,4,1.210175200023697,1.43078840660114
2,59,47.45238095,3,4,1.0957748333582975,1.3282695656388575
1,52,55.3,3,4,1.166890047376465,1.3320155495176649
2,73,55.3,2,4,1.2272857874699379,1.5514650924978821
1,41,46.29411765,4,4,1.0194332655308382,1.2859177138532225
1,29,38.69230769,5,3,1.1112266162466622,1.3219735546836113
2,43,46.29411765,4,4,1.0207155368479879,1.2685514508564122
1,35,51.72222222,3,3,1.0957748333582975,1.3127834544064347
2,56,51.72222222,4,4,1.1791433011135193,1.4238656190537418
1,40,45.29133858,4,4,1.1549416778014345,1.1636541904852793
2,59,45.29133858,3,4,1.2303234566270846,1.2687584094941173
1,59,45.50340136,4,4,1.1800132955210776,1.155757436763714
2,49,45.50340136,2,4,1.319917379830815,1.3066171403837012
1,23,51.72222222,5,4,0.8733462875134042,1.360583072034685
2,62,51.72222222,2,4,1.1843277833840475,1.2356954002930824
1,62,47.45238095,3,3,0.9816112947488742,1.3695831267545886
2,14,38.69230769,4,3,0.739632586626044,1.1817478406672353
2,50,47.45238095,4,4,1.141768213877684,1.2859177138532225
1,34,45.50340136,2,3,1.2351978456893242,1.1028614295751964
2,61,45.50340136,4,4,1.1558988774722228,1.1554665651414648
1,57,46.1372549,3,5,1.0968756734487497,1.331590807632077
2,76,46.1372549,3,4,1.2700119521561115,1.4450659081955968
1,41,46.29411765,2,3,1.2004347155185682,1.306864322110035
2,21,46.29411765,6,4,0.9229689332293581,1.362783867142427
1,64,55.3,4,4,1.1840257296274925,1.4527409890365892
2,61,55.3,2,5,1.2130883568282325,1.5108680388115134
1,40,46.1372549,4,4,1.2178176450647549,1.2924450943003891
1,40,38.69230769,3,3,1.1357028428466789,1.4521175690289618
2,45,46.1372549,2,4,1.2351978456893242,1.2135841751940202
1,49,47.68376068,2,4,1.0194941905745636,1.360583072034685
2,40,47.68376068,5,4,1.1250740189169077,1.2859177138532225
1,46,45.50340136,3,4,1.203025204559505,1.1614403265312738
2,56,45.50340136,3,4,1.2109682231598102,1.3722333946724263
1,55,46.29411765,2,4,1.1549759103361243,1.4618429762646823
2,42,46.29411765,3,4,1.0713676043453477,1.4063681095233909
1,53,47.68376068,2,5,1.0194941905745636,1.3216178093684217
2,49,47.68376068,5,3,1.0593133792105132,1.225872830406134
1,29,45.29133858,3,3,1.2303234566270846,1.3098092469331262
2,40,38.69230769,4,3,1.2182811617506717,1.1706535719426876
2,51,45.29133858,4,5,1.0533386178756858,1.2861364648420726
1,45,55.3,2,4,1.2004347155185682,1.4496590172855557
2,57,55.3,4,3,1.1820430456887145,1.4810508460800473
1,39,45.29133858,3,4,1.2299294160047587,1.1813925195097392
2,56,45.29133858,3,4,1.059005548098152,1.3447666697049212
1,46,51.72222222,3,4,1.1810699666876188,1.3010363949210655
2,82,51.72222222,3,4,1.2109682231598102,1.3879638997170862
1,65,46.1372549,3,5,1.2700119521561115,1.385161360352789
2,72,46.1372549,3,3,1.1741608649692228,1.225816958488556
1,48,45.50340136,4,3,1.1558988774722228,1.215798884405524
1,67,38.69230769,2,4,0.7299088808682312,1.4470032029904096
2,23,45.50340136,7,3,0.9290280170149592,1.254442289798678
1,45,47.45238095,2,4,1.2351978456893242,1.416297594465022
2,55,47.45238095,3,4,1.1358257092321755,1.3060037420679123
1,50,55.3,3,5,1.143393176636623,1.4250338559080762
2,50,55.3,4,4,1.109679124664179,1.437849735541842
1,65,46.1372549,3,4,1.2700119521561115,1.362783867142427
2,39,46.1372549,6,2,0.9772206297505511,1.3072934594850287
1,48,45.50340136,2,4,1.1549759103361243,1.2357469665643643
2,44,45.50340136,3,4,1.2109682231598102,1.416297594465022
1,57,47.45238095,2,3,1.1549759103361243,1.377302020477656
1,25,45.29133858,4,2,0.885971089538817,1.3799102716686171
1,21,38.69230769,5,3,0.9814769748861583,1.2003084200419114
2,45,47.45238095,3,4,1.2700119521561115,1.3436731112699503
1,35,46.29411765,5,3,0.9636580020841949,1.292935081462464
2,49,46.29411765,4,2,1.1037091737921005,1.4076580269150112
1,53,46.1372549,3,5,1.1266994850636511,1.3216178093684217
2,47,46.1372549,3,5,1.2700119521561115,1.3206695788304004
1,60,48.42857143,2,4,1.2351978456893242,1.3356738282002643
2,59,48.42857143,4,4,1.1467967048271674,1.3652394441056173
1,43,47.45238095,3,4,1.1358257092321755,1.494699026828012
2,39,47.45238095,4,4,0.881358402046923,1.3840763860342746
1,48,55.3,5,4,1.06621411978349,1.1614403265312738
2,37,38.69230769,4,2,1.022814460158292,1.2524013519368
2,61,55.3,3,6,1.2109682231598102,1.2626864698482414
1,25,48.42857143,5,3,1.0696216902472409,1.3074865993063105
2,50,48.42857143,2,3,1.2747411974990204,1.3369542452992744
1,79,45.29133858,2,6,1.2351978456893242,1.302742675064853
2,44,45.29133858,4,4,1.2178176450647549,1.4072978723335885
1,52,45.50340136,4,5,0.929441346689104,1.2377999259788979
2,55,45.50340136,3,4,1.2109682231598102,1.5291364470737903
1,55,47.45238095,2,4,1.0564206130350042,1.4550304997921464
2,43,47.45238095,5,3,1.1068946001877926,1.55901292456388
1,66,47.68376068,3,4,1.2299294160047587,1.2647035806795945
1,68,44.78571429,2,4,1.1451128734903182,1.1904311922300925
2,62,47.68376068,3,4,1.0964501002576783,1.4072978723335885
1,41,46.1372549,4,3,1.1945337020040956,1.4019059176759303
2,74,46.1372549,3,3,1.1358257092321755,1.438870206606169
1,58,47.68376068,4,4,1.1313273793568908,1.3730777847970561
2,63,47.68376068,3,3,1.0964501002576783,1.55901292456388
1,35,46.29411765,4,4,1.1865334718880134,1.4206457374443437
2,46,46.29411765,5,3,1.0551498334364895,1.3412742558431494
1,35,45.29133858,3,5,1.1358257092321755,1.3314287511537046
2,47,45.29133858,4,3,1.1364528889292438,1.4019059176759303
1,60,47.68376068,2,3,1.0934297280149565,1.220930897437495
2,46,44.78571429,4,3,0.9080820550627065,1.4102441649852562
2,35,47.68376068,7,4,0.7682939163486535,1.1614403265312738
1,40,46.29411765,5,3,1.0021243577979395,1.377302020477656
2,105,46.29411765,2,4,1.400705398019167,1.4535017880076735
1,44,48.42857143,3,4,1.2036687860466049,1.4971129046705032
2,58,48.42857143,2,3,1.0490218440539616,1.389389673693375
1,36,45.29133858,4,4,1.0426550515642936,1.2872527739706885
2,43,45.29133858,3,4,1.2303234566270846,1.1614403265312738
1,41,48.42857143,4,3,1.190190937440356,1.1230740629348992
2,61,48.42857143,3,4,1.310295224015466,1.500365909823174
1,50,55.0,4,3,1.0492941229697554,1.2805958783948534
1,46,45.93333333,3,3,0.7974920877131709,1.327275450972347
2,64,55.0,4,4,1.105067570363217,1.582527737937416
1,71,45.50340136,3,5,1.212897742106628,1.2377999259788979
2,68,45.50340136,2,4,1.0934297280149565,1.4981352542181927
1,54,47.68376068,4,4,1.105067570363217,1.416297594465022
2,53,47.68376068,4,3,1.0514618025313798,1.3350902766679804
1,61,55.0,2,4,1.0490218440539616,1.2872527739706885
2,47,55.0,4,3,1.1066883975863,1.3656321383179193
1,51,46.1372549,3,4,0.968705540270108,1.1505471556168627
2,53,46.1372549,4,3,1.2837831388500365,1.3122013041675473
1,32,47.45238095,6,3,1.0525855156213466,1.4499911063546922
2,60,45.93333333,3,3,1.1070154942151886,1.2213354219382915
2,43,47.45238095,3,5,1.1358257092321755,1.299296845334289
1,37,47.68376068,3,3,0.945918718321248,1.2805958783948534
2,42,47.68376068,4,4,1.105067570363217,1.4654038437366046
1,33,45.50340136,4,4,1.0514618025313798,1.1504268467544922
2,42,45.50340136,5,4,1.0040213202222106,1.43307645987921
1,30,46.29411765,3,3,1.2299294160047587,1.2209495980824239
1,25,46.29411765,5,4,1.1408402277714793,1.1654430630744084
2,36,46.29411765,5,4,1.0399531042428394,1.251914745632379
1,32,45.29133858,4,4,1.0264721279059488,1.43307645987921
2,38,45.29133858,3,5,1.1358257092321755,1.172551121839189
1,62,38.69230769,3,3,1.0335223334079027,1.1656901692192656
1,33,46.40677966,4,2,1.0655178496605573,1.2634525925938156
2,16,46.40677966,3,3,1.0554006975671912,1.360607867598809
1,54,46.1372549,2,4,1.2329227009943124,1.4041428222916768
2,47,46.1372549,3,4,1.1741378307011205,1.3005779452877446
1,45,45.50340136,4,4,1.1406079272273035,1.276805845859884
2,46,45.50340136,4,3,1.1257997654975989,1.2568514698915727
1,32,45.04255319,3,4,1.2290143084634668,1.3066352342383456
2,64,45.04255319,2,3,1.2860714100021422,1.2689001384348664
1,43,50.67857143,3,3,1.1930970346670025,1.328792603339976
2,58,50.67857143,3,3,1.0554006975671912,1.2705837476901929
2,31,38.69230769,4,3,1.150356338817437,1.2003084200419114
1,53,46.1372549,4,5,1.2496818973024708,1.3434417007253345
2,51,46.1372549,4,3,1.2428780172297098,1.5714186704796933
1,52,46.29411765,2,3,1.1218947532173669,1.3803793226764434
2,60,46.29411765,3,5,1.0390344482972955,1.2420643979862755
1,35,45.29133858,3,4,1.2277643437900252,1.2841113358973022
2,69,45.29133858,2,4,1.2329227009943124,1.3066352342383456
1,62,48.42857143,3,4,1.1963269908343792,1.3772124286974483
2,38,48.42857143,2,3,1.3001625370627066,1.1406821300521817
1,36,50.67857143,3,4,0.9264478607618534,1.3984360398901032
2,45,50.67857143,3,4,1.1930970346670025,1.501834388625936
1,59,45.93333333,4,4,1.1212985460735643,1.5130552982445473
1,59,45.29133858,2,4,1.2329227009943124,1.40221206677776
2,30,45.29133858,5,3,1.0577829968134984,1.103013095962526
1,29,46.40677966,5,3,0.9786573898443105,1.255953139169429
2,45,46.40677966,5,3,1.1975377634561948,1.4466378317153954
1,54,48.42857143,4,4,1.1405558805705636,1.4854441302100283
2,49,48.42857143,3,4,1.1930970346670025,1.3552882575364231
1,48,45.04255319,2,3,1.139393155123414,1.2201812950478697
2,55,45.04255319,2,3,1.2860714100021422,1.3803793226764434
1,40,45.50340136,3,3,1.1963269908343792,1.3884272831200988
2,34,45.50340136,5,3,0.9786573898443105,1.453943014582526
2,61,45.93333333,3,4,1.1577082156675622,1.2909710063206399
1,36,50.67857143,3,3,1.1930970346670025,1.2149405399335023
2,62,50.67857143,2,4,1.2329227009943124,1.3559541535753932
1,53,46.29411765,2,4,1.139393155123414,1.4041428222916768
2,59,46.29411765,3,3,1.3352192264640275,1.3483901601539898
1,54,46.40677966,2,4,1.1126840805343008,1.3114151365091973
2,46,46.40677966,4,3,1.2428780172297098,1.4534128395069883
1,30,45.29133858,4,3,1.1203337681909677,1.103013095962526
2,39,45.29133858,4,4,1.065715836560814,1.4026174817725534
1,40,46.29411765,3,3,1.1412514546657235,1.2749203687637196
2,53,46.29411765,3,3,1.1930970346670025,1.3483901601539898
2,48,45.29133858,3,2,1.1924448859851606,1.1919146105741794
1,54,38.69230769,4,3,1.0633804195031251,1.4324373753037494
1,28,45.04255319,3,3,1.2232227090095207,1.3278195919000606
2,65,45.04255319,2,3,1.400705398019167,1.2201812950478697
1,27,48.42857143,3,3,1.0672095408175235,1.3827808591402448
2,38,48.42857143,3,4,1.2290143084634668,1.1339845316040873
1,29,46.40677966,6,3,1.1827988331340558,1.2998736348521913
2,40,46.40677966,4,3,1.0841513190687682,1.3278195919000606
1,50,45.50340136,2,3,1.3001625370627066,1.3764640801870283
2,50,45.50340136,3,3,1.250712095313277,1.5272212263055966
1,54,45.04255319,5,3,1.1975377634561948,1.4466378317153954
2,24,45.04255319,6,3,1.0106150221325088,1.1754553360401732
2,38,38.69230769,3,2,0.97190415170158,1.198125439650754
1,41,46.1372549,3,4,1.1135936603713243,1.2747310933374432
2,57,46.1372549,4,3,1.1548657325657306,1.5714186704796933
1,57,45.50340136,2,4,1.1218947532173669,1.2462618818914037
2,59,45.50340136,2,4,1.2860714100021422,1.4026174817725534
1,60,48.42857143,2,3,1.3001625370627066,1.3803793226764434
2,63,48.42857143,3,4,1.1412514546657235,1.4475043297982066
1,49,46.1372549,3,4,1.264826901952045,1.4281573036287822
2,44,46.1372549,4,4,1.0841513190687682,1.2831865884322324
1,51,45.29133858,4,3,1.1880987513537458,1.2644078051484553
2,40,45.29133858,2,3,1.2329227009943124,1.2749203687637196
1,49,45.93333333,5,3,1.1338076042915737,1.560320240971716
1,45,45.50340136,3,3,1.1412514546657235,1.2678149233961378
2,67,45.50340136,2,4,1.1218947532173669,1.3798876909179736
1,39,48.42857143,3,3,1.2290143084634668,1.1754553360401732
2,54,48.42857143,3,2,1.2623607228236897,1.2713840630260695
1,41,45.29133858,2,3,1.1126840805343008,1.2644078051484553
2,68,45.29133858,3,3,1.2284126528747508,1.459022380064057
1,39,45.50340136,4,2,1.1107111164779568,1.2750894313041627
2,42,45.50340136,3,4,1.0554006975671912,1.2481184640497154
1,45,48.42857143,3,5,1.1444995860339573,1.2601937122831837
2,73,48.42857143,4,4,1.0970595235012865,1.3386193181018036
2,44,45.93333333,2,4,0.7299088808682312,1.251736760552019
1,52,46.1372549,3,3,1.1938662735461343,1.2497412369520158
2,68,46.1372549,4,4,1.2496818973024708,1.4313863488441876
1,48,45.29133858,3,3,1.0750299379621575,1.1866240305477531
2,57,45.29133858,3,4,1.2167239277592847,1.4213724228118418
1,64,46.40677966,4,5,1.2496818973024708,1.3522027488173227
2,75,46.40677966,3,4,1.0554006975671912,1.3661614943460836
1,51,45.04255319,4,3,1.1384289011749793,1.328730642712145
2,60,45.04255319,4,4,1.3554911468167261,1.4213724228118418
1,54,45.29133858,3,4,1.032550999947808,1.3255740940634992
2,56,45.29133858,2,4,1.2153896133211135,1.3274585865069184
1,55,45.93333333,2,4,1.0961504196853569,1.1839189079491534
1,50,46.29411765,5,3,1.1014669326162978,1.815037664747652
2,41,46.29411765,4,4,1.1816417185971864,1.2245874015267497
1,84,45.50340136,2,4,1.279899762620817,1.35646504778302
2,53,45.50340136,3,4,1.0889769395226827,1.4138242096998386
1,49,46.1372549,3,4,1.1741378307011205,1.2728390317115474
2,46,46.1372549,4,4,1.177851626767135,1.3202676830176152
1,52,46.29411765,3,4,1.0750299379621575,1.4313863488441876
2,64,46.29411765,3,4,1.1938662735461343,1.415148764666812
1,75,48.42857143,2,3,1.3001625370627066,1.328792603339976
2,53,48.42857143,4,4,0.9900596805577768,1.3511589117233376
2,50,45.93333333,3,3,1.0565597162996285,1.2003084200419114
1,50,46.1372549,3,3,1.3352192264640275,1.328730642712145
2,56,46.1372549,5,4,1.0944863536720706,1.3081427329115523
1,60,45.50340136,4,4,1.1107111164779568,1.462830518954108
2,55,45.50340136,4,4,1.1168003697653293,1.151541242555163
1,48,45.04255319,2,4,1.0569698012603406,1.2333255130857967
2,53,45.04255319,3,4,1.3352192264640275,1.4213724228118418
1,49,48.42857143,2,4,1.3001625370627066,1.3838843087256523
2,40,48.42857143,5,3,1.2226033839937216,1.437340847578418
1,69,47.45238095,3,5,1.0554006975671912,1.4387163305552995
2,35,47.45238095,5,3,1.202383764436704,1.336550495813541
1,45,44.78571429,4,3,1.058065619448405,1.3051923225767954
1,50,46.1372549,3,4,1.3352192264640275,1.4016009726504293
2,73,46.1372549,2,5,1.3001625370627066,1.0632236930372583
1,28,46.29411765,4,3,1.0994626998119703,1.4701094455269128
2,43,46.29411765,4,4,1.1603018194979273,1.433916212627232
1,27,45.29133858,3,4,1.1360890203635505,1.2893056411019899
2,40,45.29133858,5,3,0.6785403006358587,1.336550495813541
1,43,45.04255319,3,4,1.1507178751674558,1.2462618818914037
2,43,45.04255319,4,4,1.1874319557128712,1.151541242555163
1,51,50.67857143,4,3,1.1628278388446973,1.567558192114115
2,48,50.67857143,5,3,1.1281794896612918,1.50459692881454
2,43,44.78571429,4,3,1.1212985460735643,1.2743412059027672
1,51,45.50340136,6,3,1.1902345609862908,1.3177924098644611
2,22,45.50340136,5,3,1.107344295100446,1.1837255575113848
1,52,46.29411765,3,3,1.1686932495264901,1.328792603339976
2,55,46.29411765,4,4,1.0235100656212273,1.4703126713276333
1,37,45.29133858,5,2,1.1479593906035352,1.5816745324491848
2,44,45.29133858,2,3,1.3001625370627066,1.2852539564027712
1,57,50.67857143,2,5,1.219426848829075,1.2661087870044718
2,51,50.67857143,6,4,1.1827988331340558,1.6130368746787096
1,51,47.45238095,3,4,1.0554006975671912,1.2885901466229237
2,50,47.45238095,2,4,1.279899762620817,1.3083416008522935
1,38,38.69230769,3,4,0.8425250412875728,1.2935719168994608
1,39,45.04255319,3,4,1.2400318927014171,1.2462618818914037
2,43,45.04255319,3,4,1.14036734401268,1.4789374182361679
1,40,46.29411765,2,4,1.2367928959172743,1.2847640071233875
2,51,46.29411765,2,3,1.400705398019167,1.356001889564779
1,56,47.45238095,2,4,1.1126840805343008,1.4988919487889496
2,59,47.45238095,4,3,1.1524863761499742,1.247150112173723
1,43,46.29411765,2,4,1.1941130977187562,1.2414747176758443
2,40,46.29411765,5,3,1.017529288732341,1.3979274497113394
1,62,50.67857143,3,5,1.1899245594459942,1.2700341736387553
2,79,50.67857143,2,5,1.239959869476855,1.5103444749513497
2,32,38.69230769,6,4,1.2804089187609968,1.3883316880116379
1,57,46.1372549,3,4,1.1360890203635505,1.2847640071233875
2,56,46.1372549,4,3,1.2968722963093715,1.247150112173723
1,49,51.72222222,2,3,1.3001625370627066,1.3177924098644611
2,39,51.72222222,3,4,1.1507178751674558,1.3071433845164175
1,47,47.45238095,3,3,1.1664244786853677,1.4408963216254937
2,42,47.45238095,3,3,1.0554006975671912,1.356001889564779
1,60,45.29133858,3,4,1.15708358201216,1.3005779452877446
2,61,45.29133858,2,4,1.250351560734312,1.6130368746787096
1,56,45.50340136,2,5,1.279899762620817,1.0928496383838873
2,47,45.50340136,4,3,1.1760612494871912,1.3177924098644611
1,53,46.40677966,4,3,1.1165552117399147,1.2508258369693692
1,62,45.93333333,3,4,1.1577082156675622,1.4041738877288645
1,45,51.72222222,4,4,1.1735378230262823,1.2880737708947585
2,34,51.72222222,4,4,1.2062677971339322,1.3099079335962538
1,38,45.29133858,3,4,1.2400318927014171,1.3975341261076306
2,55,45.29133858,3,4,1.1379712798863555,1.3005779452877446
1,63,45.04255319,3,4,1.5240476066680948,1.4124129504954372
2,33,45.04255319,5,4,0.9644185231752814,1.3099079335962538
1,47,46.1372549,3,5,1.1834967885503647,1.3780737897514554
2,47,46.1372549,4,4,1.2496818973024708,1.2885901466229237
1,38,50.67857143,4,4,1.133531429870998,1.3005779452877446
2,51,50.67857143,3,4,1.2400318927014171,1.4551736448142834
2,69,45.93333333,3,5,1.0335223334079027,1.3173682006032628
1,55,45.04255319,3,5,1.0554006975671912,1.3041970984386384
2,57,45.04255319,4,4,1.25297970554588,1.4292219618325002
1,59,51.72222222,3,5,1.3352192264640275,1.3171534320476777
2,58,51.72222222,3,4,1.2290143084634668,1.5095692189025514
1,44,50.67857143,4,3,1.133531429870998,1.356001889564779
2,58,50.67857143,4,4,1.0655178496605573,1.6739403900355307
1,29,47.45238095,3,3,1.2400318927014171,1.4745491604038623
2,53,47.45238095,2,4,0.9916515963397619,1.2079650367287624
1,51,45.50340136,2,4,1.279899762620817,1.3066352342383456
2,51,45.50340136,3,4,1.1943336935797793,1.2885901466229237
1,61,44.78571429,2,3,1.1122436007315182,1.4367020127530015
1,47,51.72222222,5,3,1.1558842719850477,1.3979274497113394
2,66,51.72222222,2,4,1.139393155123414,1.384644847304123
1,68,46.1372549,3,4,1.2596710996303018,1.3824690251805671
2,51,46.1372549,4,3,1.2496818973024708,1.3050426973210032
1,60,45.50340136,5,3,1.107344295100446,1.4524826252904848
2,57,45.50340136,3,4,1.2398072144005854,1.2885901466229237
1,44,46.29411765,4,4,1.0655178496605573,1.3446456820589465
2,56,46.29411765,3,4,1.2400318927014171,1.3930487861941456
1,39,50.67857143,3,4,1.1456138677286407,1.3344025915760735
2,44,50.67857143,2,4,0.9916515963397619,1.5148283262919624
2,47,44.78571429,4,4,1.0573479736118072,1.1839189079491534
1,45,45.04255319,3,4,0.7699839402240829,1.3660899559977102
2,55,45.04255319,3,4,1.1412514546657235,1.3161315917412837
1,60,45.29133858,2,5,1.0189856652299725,1.111552619014419
2,66,45.29133858,3,4,1.3352192264640275,1.3005779452877446
1,46,50.67857143,4,4,1.1278556430745987,1.2140700489244165
2,57,50.67857143,3,5,1.1507178751674558,1.5388496046051254
1,29,47.45238095,5,2,1.151246083651958,1.2527110110515272
2,33,47.45238095,5,3,1.08753935121389,1.4524826252904848
1,47,45.50340136,5,3,1.069397811367079,1.3216315489784505
2,33,45.50340136,5,3,1.058980036176386,1.303182168353479
1,42,45.25,4,3,1.1212985460735643,1.3219735546836113
1,46,46.1372549,5,3,1.1829922985917862,1.2245448941917472
2,51,46.1372549,3,4,1.14036734401268,1.3685538903830032
1,45,46.1372549,2,4,1.2153896133211135,1.3824690251805671
2,67,46.1372549,3,3,1.264826901952045,1.3763352491194318
1,42,45.50340136,3,3,1.0857879623651907,1.3216315489784505
2,35,45.50340136,3,2,1.1360890203635505,1.156098016147868
1,57,50.67857143,2,4,1.1218947532173669,1.527618848001361
2,48,50.67857143,2,5,1.2241855616605872,1.2402381777966487
1,42,46.1372549,3,3,1.0442728997495072,1.2139965226323661
2,37,46.1372549,5,3,1.2361118190110574,1.3026373213929874
2,33,45.25,4,3,0.9854207917609625,1.3051923225767954
1,46,45.04255319,3,5,1.1963269908343792,1.2289994206916819
2,60,45.04255319,3,5,1.103918953391899,1.2708445318122
1,50,50.67857143,4,3,1.2313704045048603,1.3759069538674842
2,60,50.67857143,3,5,1.1930970346670025,1.4002314668443123
1,61,45.29133858,4,4,1.2440780529253848,1.3148189449099634
2,72,45.29133858,2,5,1.2329227009943124,1.5560251279730326
1,49,46.29411765,3,2,1.1412514546657235,1.3813314470256883
2,32,46.29411765,6,3,1.0106150221325088,1.2445381093954802
1,52,45.04255319,2,3,1.1003033244049527,1.2705837476901929
2,59,45.04255319,2,5,1.2241855616605872,1.2289994206916819
1,45,45.93333333,4,5,1.0573479736118072,1.168771775746647
1,54,46.40677966,3,2,1.1756933752597702,1.2634525925938156
2,49,46.40677966,3,4,1.1360890203635505,1.271497172883977
1,70,46.29411765,3,2,1.1412514546657235,1.5278647366313187
2,68,46.29411765,3,4,1.2290143084634668,1.3437655801379238
1,32,46.1372549,4,3,1.1040580045860162,1.3451703576243619
2,55,46.1372549,3,5,1.103918953391899,1.5897967534486315
1,45,46.40677966,3,2,1.1527991885359878,1.2634525925938156
2,40,46.40677966,5,4,0.9968178808765888,1.2182862431329677
1,51,45.04255319,3,4,1.1894672149093206,1.4586721338037782
2,60,45.04255319,2,5,1.3201885998930094,1.329733972395522
2,46,45.93333333,2,4,0.907591485081971,1.3600379673049012
1,59,50.67857143,3,4,1.1930970346670025,1.3326445865964147
2,64,50.67857143,3,4,1.1412514546657235,1.3504710321652666
1,50,46.1372549,2,4,1.253464102388608,1.2112036488841085
2,41,46.1372549,4,3,1.200897257919092,1.1719558362191531
1,77,45.29133858,2,4,1.2679661319334377,1.2938104784106321
2,44,45.29133858,3,4,1.2290143084634668,1.2550305634935346
1,27,46.40677966,3,4,1.1360890203635505,1.284952502308903
2,59,46.40677966,4,2,1.1548657325657306,1.2634525925938156
1,44,45.50340136,3,4,1.1963269908343792,1.188849342178552
2,59,45.50340136,4,3,1.2111848844084312,1.214610412879374
1,26,45.93333333,4,4,0.818489823135728,1.1839189079491534
1,41,48.42857143,4,3,1.2261371819170754,1.1719558362191531
2,62,48.42857143,2,4,1.253464102388608,1.3582676327574204
1,30,50.67857143,6,3,0.8248078071455017,1.2574567817866849
2,46,50.67857143,4,5,1.1548657325657306,1.4771066157809738
1,52,46.29411765,3,3,1.2084489936660325,1.338453762529883
2,49,46.29411765,5,3,1.1050046324251972,1.2528513710407887
1,42,48.42857143,3,4,1.1360890203635505,1.368805782141852
2,68,48.42857143,2,3,1.3001625370627066,1.2983427686706366
1,49,45.50340136,2,5,1.253464102388608,1.220821486716797
2,46,45.50340136,2,4,1.1218947532173669,1.2516560736223226
2,23,45.93333333,5,4,1.1390395889087146,1.2719289147345347
1,32,46.40677966,4,5,1.114341105214725,1.1629764006010066
2,44,46.40677966,4,2,1.1203337681909677,1.2634525925938156
1,54,40.96153846,3,3,1.2084489936660325,1.2574567817866849
2,55,40.96153846,2,4,1.2241855616605872,1.188849342178552
1,41,40.96153846,4,3,1.1880987513537458,1.328792603339976
2,42,40.96153846,2,3,1.1126840805343008,1.2574567817866849
1,45,45.29133858,4,3,1.1203337681909677,1.328792603339976
2,53,45.29133858,3,4,1.1360890203635505,1.155757436763714
1,51,43.67241379,4,4,1.1220801445792654,1.265312150517217
2,37,43.67241379,4,3,1.050700934005318,1.2802436885821444
2,52,46.40677966,4,2,0.8873170660023109,1.4915303705631353
1,40,45.25,4,2,1.0401808269757757,1.198125439650754
1,23,44.71212121,5,3,1.1292613031376368,1.5038047350471542
2,35,44.71212121,5,4,1.1648603115385643,1.340224544040248
1,53,44.71212121,2,5,1.1342297947074638,1.3100921593196282
2,48,44.71212121,3,3,1.1756933752597702,1.2445381093954802
1,54,47.02777778,3,3,0.9206423269031365,1.2560556863347345
2,53,47.02777778,2,4,1.0520311686316752,1.249057472745893
1,59,43.67241379,3,4,1.1963269908343792,1.3038916062564763
2,33,43.67241379,4,4,1.1418623541296937,1.3304521880688904
1,36,44.71212121,2,3,1.2241855616605872,1.1942179022959218
2,34,44.71212121,3,4,1.0914885069456166,1.4608585370407012
2,38,45.25,4,3,1.0702107749164782,1.4905724913004332
1,50,44.71212121,2,3,1.197093261578559,1.2445381093954802
2,40,44.71212121,5,3,1.0743311966846862,1.4360989509622133
1,40,43.67241379,3,3,1.1756933752597702,1.250433924041607
2,52,43.67241379,4,3,1.1418623541296937,1.2633093254506118
1,60,47.02777778,2,3,1.197093261578559,1.2731134540491438
2,69,47.02777778,3,4,1.2259123322029086,1.5239808053013997
1,42,44.71212121,3,4,1.217071837589909,1.308873437343174
2,39,44.71212121,4,3,1.2204959699906186,1.250433924041607
1,38,43.67241379,2,4,1.2329227009943124,1.4162040525536725
2,34,43.67241379,3,3,1.1930970346670025,1.2633093254506118
1,37,45.25,4,3,0.9328513408426164,1.3051923225767954
1,59,44.71212121,2,4,1.1342297947074638,1.3304521880688904
2,35,44.71212121,4,3,1.1203337681909677,1.5015874471644173
1,41,43.67241379,4,4,1.1203337681909677,1.4417445930829338
2,41,43.67241379,4,4,1.1874301471450872,1.2604286056611862
1,42,44.71212121,3,3,1.1756933752597702,1.3418026436508421
2,36,44.71212121,4,3,0.9806240820415364,1.2633093254506118
1,38,43.67241379,5,4,1.2158606623367347,1.4707937842839542
2,50,43.67241379,3,4,1.1254908727395938,1.249057472745893
1,57,47.02777778,2,4,1.2241855616605872,1.239915140240425
2,59,47.02777778,3,5,1.217071837589909,1.404959578247699
2,41,45.25,4,3,1.1212985460735643,1.5000918404946286
1,46,44.71212121,2,3,1.197093261578559,1.3418026436508421
2,60,44.71212121,2,4,1.1126840805343008,1.5228546273043329
1,48,47.02777778,4,3,1.1203337681909677,1.3723971051249044
2,56,47.02777778,3,4,1.1756933752597702,1.2604286056611862
1,63,44.71212121,2,4,1.2241855616605872,1.4707937842839542
2,43,44.71212121,4,5,1.130360167992281,1.3353066600456285
1,57,43.67241379,3,5,1.1963269908343792,1.4048200740516328
2,31,43.67241379,5,3,1.0856615781298533,1.2802436885821444
1,52,43.67241379,3,3,1.1272572981832754,1.3418026436508421
2,54,43.67241379,3,2,1.0512354587510078,1.3256556258150134
1,40,39.5,4,4,1.0372307791894781,1.5062166522098672
1,58,44.71212121,2,3,1.2329227009943124,1.3144557590447958
2,45,44.71212121,4,3,1.2466730813587548,1.3336227419198805
1,51,47.02777778,5,4,1.1082868767682155,1.3732150224630346
2,41,47.02777778,3,4,1.0399460825207583,1.350592508292382
1,25,43.67241379,4,3,1.0379724575430005,1.5207191094348553
2,47,43.67241379,2,3,1.197093261578559,1.3783798356989854
1,36,44.71212121,3,3,1.1254908727395938,1.3418026436508421
2,26,44.71212121,4,4,0.8402032893598926,1.4479838679431116
1,26,44.71212121,3,4,1.1756933752597702,1.3320158566094051
2,36,44.71212121,5,3,1.2421219341551837,1.3336227419198805
2,26,39.5,4,4,0.9830162980151422,0.9668881277430836
1,46,43.67241379,4,4,1.1705931114466588,1.2604286056611862
2,44,43.67241379,2,4,1.1218947532173669,1.3081106219776717
1,47,47.02777778,2,3,1.1342297947074638,1.4612375557825539
2,43,47.02777778,3,4,1.0646325660619673,1.3534090792537026
1,44,44.71212121,4,3,1.00931855796243,1.4028826293986298
2,40,44.71212121,4,2,1.1866181706037344,1.2829676530601146
1,47,44.71212121,4,4,1.1705931114466588,1.3822342844048083
2,50,44.71212121,4,4,1.2515906968555424,1.479481811325872
1,57,47.02777778,3,4,1.1254908727395938,1.527128224605559
2,56,47.02777778,2,4,1.197093261578559,1.4637828021547499
1,38,45.93333333,4,3,1.0792470399776983,1.2213354219382915
1,33,43.67241379,4,4,1.0745014495747185,1.186888209689688
2,51,43.67241379,2,4,1.1218947532173669,1.3686554395641881
1,39,47.02777778,3,4,1.0363120055550994,1.5027397497542663
2,41,47.02777778,4,3,1.1705931114466588,1.3418026436508421
1,52,44.71212121,3,4,1.2146742951776612,1.4479838679431116
2,47,44.71212121,3,4,1.1254908727395938,1.3320158566094051
1,48,43.67241379,2,3,1.1943509923660125,1.4279688752825566
2,58,43.67241379,2,4,1.1987317971613018,1.3376067065746842
1,43,44.71212121,5,3,1.1150424164708546,1.550323406170629
2,51,44.71212121,3,4,1.2290143084634668,1.186888209689688
2,35,45.93333333,2,3,0.8012037381914464,1.189023779361702
1,43,43.67241379,4,4,1.00931855796243,1.4522051735536279
2,31,43.67241379,5,2,1.2421219341551837,1.1599543349933086
1,53,44.71212121,3,4,1.1930970346670025,1.6096491467077114
2,57,44.71212121,5,5,1.1958259393561548,1.4263456882470307
1,17,43.67241379,6,3,1.0145200027406245,1.3661397527395998
2,44,43.67241379,2,3,1.1342297947074638,1.3671048901175695
1,47,44.71212121,3,3,1.2146742951776612,1.3574702957597033
2,58,44.71212121,4,4,1.065715836560814,1.4522051735536279
1,24,47.02777778,7,3,0.9219372991783104,1.1542859199594735
2,52,47.02777778,2,3,1.0727263831430034,1.311437638709137
1,53,41.875,3,3,1.1171495751093203,1.3051923225767954
1,36,43.67241379,4,4,1.0745014495747185,1.5027397497542663
2,36,43.67241379,4,3,1.1141986189510937,1.3783798356989854
1,47,44.71212121,3,3,1.1871489348690865,1.4448289513104269
2,52,44.71212121,2,3,1.2329227009943124,1.5987652636135605
1,59,43.67241379,3,3,1.1635480774514704,1.4142745474682459
2,55,43.67241379,4,4,1.1853870481393152,1.2604286056611862
1,46,44.71212121,3,4,1.1254908727395938,1.2545464768037595
2,48,44.71212121,2,4,1.0884229196054382,1.371248115200004
1,54,47.02777778,5,3,1.01362474678421,1.550323406170629
2,36,47.02777778,2,3,1.1342952011869887,1.3671048901175695
2,49,41.875,4,2,1.1269325234313718,1.536724941519233
1,77,44.71212121,2,4,1.2679661319334377,1.3081106219776717
2,54,44.71212121,4,3,1.0586294269665113,1.4398372783253794
1,54,43.67241379,2,4,0.9997891658964457,1.2604286056611862
2,45,43.67241379,3,4,1.1635480774514704,1.3008113753492023
1,48,44.71212121,2,4,1.0874507078316025,1.336354415024753
2,44,44.71212121,2,5,1.0307038165662394,1.297242923550886
1,53,43.67241379,3,3,1.1871489348690865,1.3808061227689628
2,66,43.67241379,3,4,1.2146742951776612,1.6142389557514634
1,30,47.02777778,4,3,1.063139853586772,1.3705773908466305
2,58,47.02777778,3,4,1.1990556625525204,1.3534090792537026
1,58,45.29133858,4,3,1.051728413895163,1.2152860821144258
1,39,44.78571429,3,4,0.9135715076536686,1.027143297791155
1,40,43.67241379,3,4,1.0358637868655818,1.3506793814647207
2,53,43.67241379,3,4,1.183817488368934,1.4972670739993337
1,53,43.67241379,3,4,1.2290143084634668,1.306909920959125
2,57,43.67241379,2,4,1.0884229196054382,1.5892928386599583
1,55,44.71212121,3,4,1.1272572981832754,1.3313879595163778
2,41,44.71212121,7,3,1.007969662774309,1.2865566801556352
1,22,44.71212121,4,3,1.1548657325657306,1.1606337924605399
2,38,44.71212121,2,4,1.0727263831430034,1.39517676973026
1,48,47.02777778,4,3,1.1203337681909677,1.4398372783253794
2,56,47.02777778,2,4,1.2679661319334377,1.4140105682915396
2,30,44.78571429,5,3,1.1069442677087462,1.3062051760882973
1,63,44.71212121,3,5,1.1963269908343792,1.3353761585834993
2,32,44.71212121,6,4,1.1074192876044509,1.186888209689688
1,32,43.67241379,4,3,1.130360167992281,1.3705773908466305
2,48,43.67241379,4,3,1.1059379120277266,1.375487728911872
1,65,43.67241379,2,3,1.0522963903275773,1.4398372783253794
2,49,43.67241379,5,4,1.1970136622789256,1.39517676973026
1,41,44.71212121,5,4,1.075753185876506,1.1486302671702489
2,61,44.71212121,3,5,1.1963269908343792,1.370974069195931
1,41,46.40677966,3,3,1.2203263351365587,1.1553118683527148
2,46,46.40677966,4,4,1.0456484994790816,1.365714439969605
1,28,44.78571429,3,4,1.1070154942151886,1.2719289147345347
1,33,45.50340136,4,4,1.0495154434694964,1.5228579437539764
2,65,45.50340136,2,3,1.2241855616605872,1.3418026436508421
1,50,46.40677966,2,4,1.0874507078316025,1.1418279974114545
2,35,46.40677966,4,4,1.1938095063361343,1.3523590183937308
2,51,44.78571429,4,4,1.0708587373218252,1.3503409050128785
1,25,41.875,5,3,1.12313159185044,1.148583664841821
2,51,41.875,3,4,0.9954600598015014,1.2946568456236824
1,53,39.5,2,4,1.0842749126529556,1.3367106939341733
2,52,39.5,5,3,1.0593894856960717,1.4114946762582383
1,57,45.93333333,2,4,0.9270405621433715,1.2994658274205726
2,29,45.93333333,5,4,1.0059638235934991,1.0710227171861442
2,73,45.29133858,3,3,1.206239096236588,1.240099180881799
1,54,45.93333333,2,4,1.0718237746159451,1.3246431004875754
2,57,45.93333333,2,4,1.2086246201548563,1.384067320302341
1,37,45.25,4,4,0.9784715766969984,1.2398030713057213
2,41,45.25,4,4,0.9917804311203195,1.3942637262648945
1,29,45.25,5,4,1.032401174879296,1.132106145579577
2,31,45.25,3,3,1.0485139793831797,1.148583664841821
1,57,45.25,3,4,0.9966500088200432,1.351157183596337
2,53,45.25,3,4,1.0015982960478598,1.4419968765523652
1,30,39.5,4,3,0.9714315183062625,1.3051923225767954
2,36,39.5,2,2,1.2086246201548563,1.1836871242150275
1,60,48.42857143,3,3,0.8790536310623316,1.2508258369693692
1,34,40.0,3,4,0.9812843420727205,1.4081879049093873
2,37,40.0,3,4,1.1171495751093203,1.0710227171861442
1,52,40.0,3,3,0.9743984887928444,1.280577897914487
2,45,40.0,4,5,1.018138062567459,1.5253165583212507
1,37,41.875,5,3,0.8714214425668091,1.3051923225767954
2,47,41.875,2,5,1.2086246201548563,1.6856212514904356
1,46,44.78571429,3,3,1.1091895144162214,1.2967850279548927
2,39,44.78571429,4,3,1.0297552263737595,1.2451657897514448
1,42,40.0,3,4,0.9683375094944316,1.255979218287065
2,30,40.0,4,3,1.0588284600202396,1.1094022422861713
2,39,48.42857143,4,4,1.171264737847596,1.3680521278924456
1,51,45.25,5,3,1.0010421503345772,1.2451657897514448
2,42,45.25,4,4,1.167616502954088,1.2837038092020314
1,38,45.25,4,2,1.0746349899814787,1.2405677540906195
2,46,45.25,2,5,1.087961935406781,1.3557883044964967
1,56,45.93333333,3,4,1.120920679991715,1.4178916917570779
2,50,45.93333333,4,3,0.9302932493496716,1.3051923225767954
1,42,45.93333333,2,4,0.9458318496358609,1.2835819740856345
2,26,45.93333333,5,4,1.0876873370953033,1.3835091038993756
1,52,45.93333333,4,4,1.0774359074837045,1.1119218048248203
2,33,45.93333333,5,3,1.0373267143366318,1.4114946762582383
1,53,48.42857143,3,3,1.0944406489792027,1.3187933638014997
1,61,46.40677966,5,3,1.0011985997700277,1.6610202470420903
1,38,33.5,4,4,1.1212985460735643,1.2837038092020314
2,37,33.5,5,3,1.0656428891311351,1.3360751462178158
1,49,44.78571429,3,2,1.1325815137887083,1.536724941519233
2,35,44.78571429,4,3,1.0401808269757757,1.2451657897514448
1,31,41.875,3,3,0.9788451640713157,1.1052408616690947
2,50,41.875,2,4,1.0961504196853569,1.5245084703335035
1,35,33.5,4,3,1.1212985460735643,1.3097462319209816
2,24,33.5,4,4,0.9022715830382904,1.2202505017016747
1,39,41.875,5,3,1.0656428891311351,1.1052408616690947
2,46,41.875,4,4,0.8858511314362021,1.3163607717166812
2,45,46.40677966,2,3,1.1451128734903182,1.3787339131171084
1,54,45.25,2,5,1.0968031123885797,1.4208853554405598
2,56,45.25,3,3,0.9788451640713157,1.3943981186486745
1,37,41.875,4,3,1.010692671584788,1.4668015571394797
2,27,41.875,3,3,1.077230838774289,1.2545334065449296
1,46,45.93333333,6,4,0.9867759895474711,1.3861464984742153
2,29,45.93333333,5,2,0.9207308423452814,1.2438683001860418
1,50,45.93333333,3,4,1.1255017082664034,1.3163607717166812
2,29,45.93333333,3,4,1.171357638283075,1.2064349988292649
1,33,45.25,3,3,0.9695382157129816,1.1052408616690947
2,64,45.25,2,4,1.0961504196853569,1.1552052357967548
1,57,46.29411765,4,3,0.8920587032977845,1.1450570059030234
1,30,45.25,5,3,0.9378854314702358,1.2862137070983048
2,60,45.25,3,3,1.227495898393377,1.400235860587796
1,49,45.25,4,3,1.157000123711391,1.2359378002647223
2,84,45.25,3,5,0.9135715076536686,1.7773511035921121
1,52,41.875,2,4,1.1451128734903182,1.1119218048248203
2,59,41.875,4,3,0.9940568283317666,1.5274104586943977
1,31,41.875,4,4,0.8858511314362021,1.1119218048248203
2,36,41.875,3,3,0.9695382157129816,1.1052408616690947
1,38,42.32352941,6,3,0.8168031240688381,1.1823523943659844
2,62,42.32352941,2,4,1.0458466109595048,1.4761216301241147
2,45,46.29411765,4,3,0.8327152418828649,1.1788179591088166
1,44,48.42857143,4,3,0.8767646855510108,1.2734614406125708
2,39,48.42857143,4,2,1.1212985460735643,1.2851089703662302
1,69,51.86363636,3,4,1.0434442348535107,1.4074692772418917
2,39,51.86363636,3,4,0.9037421009395191,1.0581175170250254
1,57,46.40677966,4,4,0.9301940148974956,1.3410814673227651
2,34,46.40677966,6,4,0.9440014929169837,1.2335237980335394
1,24,46.1372549,4,4,0.9961076806896204,1.2761154754481272
2,61,46.1372549,2,4,0.8030365185160007,1.069924698569016
1,47,46.95833333,4,3,1.0863658597795576,1.2368158264955988
2,60,46.95833333,4,3,1.1212985460735643,1.1801793090591952
1,27,42.32352941,5,4,0.9304699211589742,1.0888013135754584
1,50,46.29411765,2,3,0.8464586056987967,1.1656901692192656
2,61,46.29411765,2,3,1.0105338452858414,1.2580513055196756
1,31,46.1372549,3,4,1.1171495751093203,1.4854602191738613
2,45,46.1372549,5,3,0.9362990706486046,1.4102441649852562
1,67,47.68376068,3,4,1.0434442348535107,1.3295947451176051
2,56,47.68376068,3,4,1.1185731027620645,1.268477183887622
1,31,46.29411765,3,4,0.8747764615109346,1.1904311922300925
2,59,46.29411765,2,3,1.0105338452858414,1.3559041471543332
1,52,47.68376068,3,4,1.1661752062791664,1.368257416560513
2,56,47.68376068,3,4,0.9926081359603508,1.4665710253791189
2,60,42.32352941,2,5,1.0458466109595048,1.4552574069435262
1,56,43.57142857,4,4,0.9301940148974956,1.3660850118374328
2,27,43.57142857,5,3,0.9147929497848416,1.1094022422861713
1,56,46.95833333,4,4,1.0055610350241075,1.2349223348418725
2,38,46.95833333,3,4,0.8751833141749364,1.2506307875902394
1,45,51.86363636,4,4,1.007418077593614,1.1904311922300925
2,55,51.86363636,2,4,1.0105338452858414,1.268477183887622
1,47,43.57142857,4,4,0.9700703364563591,1.4162646366727998
2,48,43.57142857,3,4,1.2326602909741364,1.2335237980335394
1,38,46.40677966,3,4,0.8680701058543566,1.3529660020752012
2,42,46.40677966,2,4,1.1451128734903182,1.4689478411594838
1,45,48.42857143,4,4,1.2336193787745848,1.3680521278924456
1,41,51.86363636,2,4,1.1006009070174725,1.2371001467311158
2,57,51.86363636,2,3,1.1487267015887244,1.1745333943246168
1,38,46.29411765,3,3,1.0295601189199346,1.4114946762582383
2,29,46.29411765,3,4,1.1043528967716074,1.069924698569016
1,53,48.42857143,3,3,1.0550329871882054,1.3904195014283556
2,76,48.42857143,3,3,0.8836784781671149,1.348772906225232
1,51,51.86363636,4,4,1.0401808269757757,1.279038524863333
2,63,51.86363636,2,3,1.1487267015887244,1.430632717632338
1,64,46.29411765,4,4,1.1535536941678644,1.1904311922300925
2,46,46.29411765,2,3,1.0105338452858414,1.3134086346108222
2,55,48.42857143,4,3,0.9746223280803579,1.3232902671440685
1,55,46.95833333,4,4,0.9301940148974956,1.4757116882942247
2,54,46.95833333,2,4,1.1454980255997351,1.1825474706333663
1,50,48.42857143,4,4,0.990173406736446,1.333156651637979
2,42,48.42857143,4,4,0.8767646855510108,1.28233015826195
1,58,46.95833333,3,3,1.0550329871882054,1.1815735102215557
2,58,46.95833333,3,3,1.1171495751093203,1.375792272168946
1,52,42.32352941,3,4,1.2134502905817122,1.200063745553984
2,50,42.32352941,4,4,0.9700703364563591,1.2009980955171837
1,62,47.68376068,5,4,1.1498218932635869,1.3279364812539896
2,36,47.68376068,5,3,1.026080209852152,1.2881773897838205
1,36,46.29411765,3,3,1.0944406489792027,1.122821817434411
1,48,51.86363636,4,4,0.9553367953148828,1.2009980955171837
2,45,51.86363636,3,5,1.0705571642215688,1.325141629923316
1,52,46.40677966,3,3,1.0751048579751437,1.3399230693401822
2,56,46.40677966,2,4,1.0842749126529556,1.069924698569016
1,52,47.68376068,5,4,1.1203331028964016,1.5799163377323575
2,39,47.68376068,6,4,1.0336053884623793,1.321768120091062
1,46,46.1372549,3,4,1.0735595731759175,1.149934235066982
2,59,46.1372549,3,4,1.0866907621530537,1.5590700837122589
1,41,48.42857143,3,4,0.9997086015289497,1.1904311922300925
2,51,48.42857143,3,4,1.0807740972247066,1.360162308772583
2,45,46.29411765,3,2,0.8263343070502667,1.4915303705631353
1,53,51.86363636,2,4,1.1487267015887244,1.1100777978682173
2,40,51.86363636,4,4,0.9301940148974956,1.1839189079491534
1,66,46.40677966,3,5,1.1171495751093203,1.3430094370451633
2,62,46.40677966,2,3,1.1454980255997351,1.4699750588249287
1,53,46.1372549,2,4,1.1006009070174725,1.4689478411594838
2,69,46.1372549,3,4,1.00150261605508,1.215303372290043
1,54,47.68376068,4,4,1.2082188906422215,1.1682458426207367
2,38,47.68376068,3,3,0.9259807655719042,1.2112997940081345
1,48,44.16666667,4,5,1.0550159847649296,1.3042864821539466
2,52,44.16666667,4,4,0.9256482804236861,1.3463106194281311
2,63,48.42857143,2,2,0.8733203133165727,1.4915303705631353
1,40,46.1372549,5,5,0.9056217985944339,1.2412394659285872
1,42,46.40677966,3,3,1.1171495751093203,1.238705396834878
2,46,46.40677966,2,3,1.1487267015887244,1.3687171636212472
1,52,45.04255319,3,3,1.00150261605508,1.4005657843030523
2,70,45.04255319,2,4,1.1454980255997351,1.3869092885854133
1,50,46.1372549,2,4,1.1006009070174725,1.2817079146488086
2,44,46.1372549,3,4,1.227495898393377,1.272775377073382
1,46,46.29411765,3,4,1.0295601189199346,1.3940988760388695
2,32,46.29411765,3,4,0.994031045054094,1.069924698569016
1,51,48.42857143,3,4,1.07526387278729,1.4994687622009408
2,56,48.42857143,3,4,1.162187563787459,1.2009980955171837
2,38,46.1372549,5,3,1.1642231085720673,1.3787339131171084
1,61,46.29411765,3,3,1.1405629799480732,1.1656901692192656
2,48,46.29411765,3,3,1.1000576352321305,1.3787339131171084
1,55,44.16666667,3,5,1.1171495751093203,1.3581705109096678
2,37,44.16666667,4,3,0.9931959938929356,1.343379944548344
1,47,45.04255319,5,4,0.9994713939794462,1.4360080494338414
2,34,45.04255319,5,3,1.0154418235183065,1.1517501466647186
1,45,47.68376068,5,4,1.1498218932635869,1.5375171722290069
2,39,47.68376068,2,4,0.9997822540616074,1.4560866984966347
1,35,44.16666667,5,3,0.9963315507752881,1.1926004481401986
2,38,44.16666667,3,4,1.0295601189199346,1.1630477266260806
1,58,47.68376068,3,3,1.1924448859851606,1.122821817434411
1,22,46.40677966,6,2,0.972961804971769,1.258803403390679
2,67,46.40677966,3,3,1.1171495751093203,1.3787076584709421
1,44,51.86363636,3,4,0.9713905606381242,1.3863263906845067
2,69,51.86363636,3,4,1.227495898393377,1.1913277315668702
1,30,45.04255319,5,4,0.9895043957492723,1.1214591234118152
2,59,45.04255319,4,4,1.1116422937569672,1.6170783405230025
1,39,46.40677966,5,3,1.060567965978358,1.2508455104164267
2,33,46.40677966,5,2,1.1088468797189222,1.258803403390679
1,43,40.55555556,3,3,1.0288493976552298,1.3774619084479445
2,45,40.55555556,3,4,0.994031045054094,1.404236424058145
2,55,47.68376068,5,3,0.8635988664709915,1.5630640780013192
1,46,46.1372549,2,4,1.017380262322778,1.2089034169237238
2,42,46.1372549,4,3,1.110291461334257,1.3476299119418556
1,34,46.29411765,2,4,0.9185271491613354,1.2299223634869145
2,34,46.29411765,4,3,1.0774837394655605,1.2033042535236838
1,49,40.55555556,3,4,1.0288493976552298,1.3977641724549559
2,49,40.55555556,4,3,1.0097618465570943,1.4497969254066616
1,38,47.68376068,4,4,0.9931959938929356,1.2838829913672987
2,39,47.68376068,5,4,1.0262179593111782,1.3202050366860232
1,42,46.1372549,4,4,0.9832495958560672,1.340641673419324
2,44,46.1372549,2,4,1.064416268805469,1.1355880729577867
1,45,45.04255319,3,4,0.8390650657909694,1.2685736571671182
1,54,42.32352941,4,3,0.980502311537651,1.1817478406672353
2,44,42.32352941,3,3,1.082900078023852,1.076478097638111
1,39,42.32352941,5,3,0.999468458167047,1.1052408616690947
2,23,42.32352941,4,2,0.9784715766969984,1.258803403390679
1,27,42.32352941,5,3,0.9542378634042216,1.0210725157857998
2,33,42.32352941,2,3,1.0137228164845593,1.133251300510517
1,40,42.32352941,2,4,1.0842749126529556,1.113287302220721
2,33,42.32352941,3,3,0.9978903436553942,1.3341706685791463
1,45,46.40677966,3,4,0.9748346806888571,1.1707212049615743
2,52,46.40677966,2,4,0.969658292561161,1.3967534430348818
2,51,45.04255319,4,3,1.0782531274619085,1.2287234878976363
1,44,45.29133858,4,4,0.8798956747406513,1.3592027661271906
2,31,45.29133858,3,4,0.8498851744796942,1.2434684803511424
1,61,39.8,2,5,1.0643766433311346,1.2465242642180938
2,48,39.8,4,4,1.0713029333711541,1.291204590266587
1,36,42.32352941,6,4,1.0874594837954714,1.232554332191608
2,44,42.32352941,3,4,0.8644885942930604,1.2700278763318766
1,38,47.68376068,5,4,1.0984818260152522,1.0305928927037935
2,31,47.68376068,3,4,0.9748373985736487,1.2620513973496013
1,46,46.1372549,2,3,0.969658292561161,1.2124685333025105
2,30,46.1372549,4,4,0.8798956747406513,1.1977268038374094
1,50,45.29133858,3,3,1.0335223334079027,1.4002309195195937
1,30,45.04255319,4,4,1.128153395731452,1.300173718915498
2,57,45.04255319,3,4,0.8498851744796942,1.2890254336147478
1,24,46.29411765,4,4,1.0713029333711541,1.1151511686422624
2,40,46.29411765,3,4,0.9748373985736487,1.1638378110322423
1,37,42.32352941,6,3,1.0789238379818649,1.2172890067878095
2,44,42.32352941,3,4,0.8644885942930604,1.2254617786512407
1,31,48.42857143,4,3,0.903025675741747,1.2464237899735109
2,65,48.42857143,2,3,1.0718373134533627,1.3419125817543887
1,41,45.29133858,3,4,1.090689785275605,1.2323361342666372
2,28,45.29133858,5,3,0.8570423466969233,1.3155665437138275
2,41,45.29133858,2,4,0.9991181358963426,1.0888013135754584
1,31,45.04255319,3,4,0.8281459356920818,1.2354491054391141
2,62,45.04255319,3,4,1.022930487043462,1.3421306484180202
1,44,45.50340136,2,3,0.9980869902682623,1.2498978291001686
2,50,45.50340136,2,4,1.1436965662647198,1.1151511686422624
1,45,46.40677966,2,4,1.0210967798626103,1.2934567954432554
2,33,46.40677966,5,3,1.3570423466969233,1.3419125817543887
1,48,45.29133858,3,3,1.090689785275605,1.2464237899735109
2,62,45.29133858,2,3,1.0718373134533627,1.3155665437138275
1,63,42.32352941,3,4,0.8644885942930604,1.390685121811401
2,67,42.32352941,2,3,1.2765064095860335,1.2172890067878095
1,47,46.40677966,3,4,1.2235675961510548,1.5455311276436974
1,36,46.1372549,4,4,0.9600375815117224,1.2055793996205413
2,26,46.1372549,3,3,1.022930487043462,1.3676015542193063
1,42,39.8,3,3,1.0750308199157568,1.2498978291001686
2,49,39.8,3,4,1.1527221379908044,1.3405532596748715
1,43,47.68376068,3,3,1.090689785275605,1.2394379164362264
2,38,47.68376068,5,3,1.0967774024537698,1.2720582446934965
1,33,45.50340136,6,4,0.8894608156536048,1.0514651423075263
2,32,45.50340136,3,4,0.9237577855589496,1.232554332191608
1,45,46.1372549,2,4,1.1436965662647198,1.2055793996205413
2,37,46.1372549,4,3,0.9667903858898446,1.2966023285347628
2,64,46.40677966,2,3,1.1973566654392411,1.4110663895213784
1,77,48.42857143,3,4,1.0683995300161664,1.386076689512195
2,45,48.42857143,4,3,0.9499810392338753,1.187143551046166
1,50,46.1372549,3,4,1.2418904930508992,1.3096355424408217
2,57,46.1372549,2,4,1.1191846009493573,1.2466675169489516
1,40,45.50340136,4,3,0.7584652829235825,1.4891131001990285
2,44,45.50340136,4,4,0.9781727801619217,1.1943457207996846
1,70,47.68376068,2,3,1.2765064095860335,1.3012906874589132
2,46,47.68376068,3,2,1.0683995300161664,1.2393758450368835
1,32,45.04255319,4,3,0.9884121009047853,1.2813433238814376
2,38,45.04255319,2,3,1.0612888218416119,1.2089452463809678
1,40,47.68376068,4,3,0.9190949438417594,1.4119827154069435
1,49,48.42857143,3,3,1.006632881399492,1.3787339131171084
1,57,45.29133858,2,5,0.9980869902682623,1.2713738711248967
2,41,45.29133858,4,4,0.9672310211647733,1.1943457207996846
1,45,46.40677966,2,4,1.0210967798626103,1.129659227072318
2,40,46.40677966,6,3,0.9847427612797454,1.3341706685791463
1,42,47.68376068,3,2,1.1844230923750063,1.210331811909564
2,65,47.68376068,3,3,1.115460743567523,1.2394379164362264
1,37,42.32352941,5,3,0.9408419368649449,1.2671843872097213
2,28,42.32352941,3,4,0.9099307402085456,1.2971921158567215
1,20,39.8,4,3,1.0204609802878548,1.2640342138991352
2,29,39.8,8,2,0.934017250801127,1.1809532404390226
2,31,48.42857143,6,2,0.8155906637210085,1.2851089703662302
1,42,47.68376068,3,3,0.9815526153906685,1.2695478433878307
2,41,47.68376068,3,4,1.1844230923750063,1.2135139912034076
1,57,46.29411765,2,3,1.1191846009493573,1.2456372159554967
2,42,46.29411765,3,3,0.9222895592856973,1.2766277331675226
1,31,45.04255319,4,3,0.9788007590326017,1.1767204186748241
2,18,45.04255319,3,3,0.9534015764714033,0.9662188849488743
1,34,39.8,4,2,1.091197610798126,1.2637241902174157
2,37,39.8,5,3,1.06344116339873,1.2695478433878307
1,40,46.1372549,3,4,1.0683995300161664,1.184479831484658
2,45,46.1372549,4,4,0.9144489652100574,1.3058980204809196
1,46,46.29411765,3,4,0.9133626411327388,1.157186734426895
1,34,46.40677966,3,4,1.0750308199157568,1.319009653063354
2,64,46.40677966,2,4,1.156975566361532,1.39094700815345
1,49,45.04255319,3,5,1.160524170392333,1.3047266701134175
2,34,45.04255319,3,4,0.9534015764714033,1.1400727073191317
1,35,45.50340136,3,3,0.9748373985736487,1.1714565689316254
2,24,45.50340136,3,4,1.0683995300161664,1.1943457207996846
1,42,47.68376068,4,3,1.0296487009873565,1.398609254663606
2,67,47.68376068,3,3,1.1475322852234922,1.2695478433878307
1,41,45.29133858,3,3,0.953141926137079,1.2124685333025105
2,41,45.29133858,4,3,0.9672310211647733,1.1765174407972079
2,33,46.29411765,4,3,1.022814460158292,1.122821817434411
1,47,46.40677966,2,3,1.0612888218416119,1.3341706685791463
2,43,46.40677966,3,4,1.0750308199157568,1.4566648634294304
1,49,42.32352941,3,3,1.0108933866578849,1.1633530947689705
2,31,42.32352941,4,4,1.0021890958728386,1.1953979534514074
1,35,39.8,4,3,1.1273757155976603,1.2310072730257937
2,43,39.8,2,4,0.8649754512015866,1.365120506313348
1,43,45.29133858,3,3,0.9856333396987141,1.2423529158753133
2,29,45.29133858,4,3,1.0490281619917996,1.2124685333025105
1,48,46.29411765,3,3,1.115460743567523,1.2464237899735109
2,38,46.29411765,6,3,1.0874594837954714,1.2286085015064392
1,38,45.04255319,6,4,1.0832492089970813,1.2191682782749829
1,15,46.1372549,4,3,0.9781727801619217,1.192295060067461
2,33,46.1372549,3,3,0.953141926137079,1.3341706685791463
1,50,45.50340136,3,3,1.0108933866578849,1.3700502418504972
2,23,45.50340136,6,4,1.0580312510089438,1.1953979534514074
1,34,48.42857143,3,4,1.0683995300161664,1.1860817104170114
2,40,48.42857143,3,4,1.160524170392333,1.290617804172776
1,49,46.29411765,3,4,1.1475322852234922,1.1816697985572087
2,79,46.29411765,3,4,1.115460743567523,1.4022950107286491
1,55,45.04255319,2,4,1.0210967798626103,1.2074921708286197
2,48,45.04255319,3,4,1.0752196618229506,1.3426587816404296
2,44,45.04255319,2,2,0.982028739533854,1.3741469848040264
1,39,48.42857143,3,3,1.0683995300161664,1.1567263229384188
2,33,48.42857143,5,4,0.9287160119498779,1.1583194452798087
1,50,45.29133858,2,4,0.9993908979961958,1.1860817104170114
2,52,45.29133858,2,6,1.1386628139116253,1.2926166471187812
1,43,45.04255319,2,3,1.0612888218416119,1.179948531570343
2,66,45.04255319,2,4,1.1191846009493573,1.332546556399294
1,42,46.40677966,3,4,1.0750308199157568,1.448680618406799
2,52,46.40677966,3,3,1.0835701721201028,1.3341706685791463
1,62,51.72222222,2,4,1.1436965662647198,1.2625987300430168
2,49,51.72222222,4,2,1.0303581234493868,1.2637241902174157
1,50,42.32352941,2,3,0.9388128995113763,1.5630640780013192
1,32,45.50340136,3,4,1.1335495109329439,1.1953979534514074
2,26,45.50340136,5,3,0.9287160119498779,1.3335131644079763
1,33,46.29411765,5,3,1.0118812547480593,1.179948531570343
2,65,46.29411765,4,3,1.2003749200433294,1.2708335474505572
1,43,40.55555556,3,4,1.0683995300161664,1.307760168136344
2,42,40.55555556,2,3,1.133784955726051,1.3012906874589132
1,32,51.72222222,5,2,0.9544342530404293,1.2637241902174157
2,87,51.72222222,4,4,1.0664673421438555,1.3932282712376747
1,39,42.32352941,4,4,1.0974794807446655,1.2590590317489339
2,57,42.32352941,2,4,1.156975566361532,1.2911714280962543
2,37,42.32352941,4,3,1.1805756779264562,1.2697292622473382
1,30,40.55555556,3,4,1.0683995300161664,1.2962396268462553
2,34,40.55555556,4,3,1.1112942726503505,1.3012906874589132
1,41,46.40677966,3,3,1.0750308199157568,1.2123976177807962
2,40,46.40677966,3,3,1.1817021870328006,1.343379944548344
1,29,42.32352941,4,4,0.9559587302805135,1.1983416067802621
2,44,42.32352941,3,4,0.9277316539400005,1.1235940370935014
1,26,45.50340136,4,2,0.9411889396755374,1.210560673906719
2,52,45.50340136,2,4,1.0612888218416119,1.1953979534514074
1,58,40.55555556,2,3,0.9993908979961958,1.187143551046166
2,45,40.55555556,4,4,1.0303581234493868,1.2138595881746392
1,26,46.29411765,5,3,0.9109227439750021,1.2456282024663756
1,56,46.29411765,8,6,0.9821237950295557,1.1382386610983912
2,44,46.29411765,3,2,1.1819458282624928,1.258803403390679
1,46,46.1372549,4,4,0.9357569821502496,1.4800533917812622
2,54,46.1372549,3,4,1.0246483302048033,1.2055793996205413
1,44,45.50340136,3,3,1.1625290941007078,1.3341706685791463
2,25,45.50340136,4,3,0.9781727801619217,1.2766277331675226
1,25,45.50340136,6,4,0.9969068146993806,1.1953979534514072
2,62,45.50340136,2,4,1.0521709723946167,1.2174126140732313
1,68,46.40677966,2,4,1.1897871267491347,1.1943457207996846
2,52,46.40677966,4,4,1.080812768176209,1.2737612700506893
2,52,46.29411765,3,4,0.999497576581879,1.1462366748054744
1,56,46.40677966,2,4,1.0210967798626103,1.231608493375494
2,47,46.40677966,4,3,1.1581388340131165,1.3341706685791463
1,42,46.40677966,4,4,1.1863242279828712,1.3276844647190797
2,53,46.40677966,2,4,0.9043385504222079,1.3438069312765955
1,46,46.1372549,6,5,1.0466748929357756,1.3991808875372596
2,48,46.1372549,2,4,1.1921675119733806,1.244396471296172
1,30,45.50340136,5,4,0.989064846755314,1.2016618225780735
2,27,45.50340136,5,4,0.8514422098957752,1.2140053903148145
1,57,45.04255319,2,3,1.0853470039868747,1.299015227149197
2,45,45.04255319,4,4,0.9753540544593082,1.308877209802824
2,55,47.68376068,3,3,1.1924448859851606,1.2929977793957101
1,34,46.40677966,5,3,0.9733453546657728,1.1997404454916023
1,44,40.96153846,4,4,1.0224995260660537,1.3095779658351145
2,45,40.96153846,3,3,1.1150090477212622,1.3341706685791463
1,46,46.29411765,3,4,1.2832373855062948,1.24382754920754
2,46,46.29411765,3,3,1.121376857032405,1.2388884669287705
1,38,41.88235294,4,3,0.9023474994053329,1.2639493380458084
2,19,41.88235294,4,4,0.9502534962943265,1.1987557514355605
1,37,45.04255319,3,4,1.008681337118898,1.1712474860172084
2,27,45.04255319,6,3,1.0466748929357756,1.2227773569848737
1,45,40.96153846,4,4,0.9157922934611444,1.2016618225780735
2,29,40.96153846,4,3,0.8359421768364171,1.2178395710256735
2,50,46.40677966,3,3,0.9944773351735027,1.4110663895213784
1,60,46.29411765,2,4,1.0446539213945305,1.2265914345129219
2,20,46.29411765,5,3,1.092930799218842,1.2163437152219716
1,41,47.68376068,3,3,1.0136335814986552,1.2695478433878307
2,50,47.68376068,3,3,1.1554295343744363,1.3341706685791463
1,54,45.50340136,3,3,0.8051434973870824,1.2227773569848737
2,44,45.50340136,4,4,0.9862407540502066,1.3266974998570866
1,56,46.40677966,3,3,1.1625290941007078,1.3341706685791463
2,52,46.40677966,2,4,1.1097502716708738,1.6816793689673815
1,29,48.42857143,5,3,0.8114788765727512,1.2475186391298125
2,38,48.42857143,3,4,1.0683995300161664,1.2760372429262035
1,48,42.32352941,4,3,1.1051582173657195,1.2508258369693692
1,45,46.1372549,2,3,1.0853470039868747,1.1591686377165693
2,36,46.1372549,3,3,1.022930487043462,1.2570580442264199
1,43,41.88235294,2,5,1.1097502716708738,1.214674662829049
2,56,41.88235294,3,4,1.109561066395992,1.284884167089049
1,26,46.1372549,4,3,1.093945044251153,1.1749462569868225
2,48,46.1372549,4,3,0.9667903858898446,1.2101354848562131
1,43,46.29411765,2,3,1.0853470039868747,1.2284392950272343
2,54,46.29411765,3,3,1.1625290941007078,1.3129764959273764
1,23,45.50340136,4,3,0.8735539961934814,1.314934684756085
2,41,45.50340136,3,3,1.1554295343744363,1.5460672667518096
2,34,42.32352941,2,3,0.9388128995113763,1.209894839903562
1,57,45.04255319,2,3,1.0703697750903753,1.3129764959273764
2,62,45.04255319,3,4,0.9477011257806329,1.1692480952377449
1,58,46.29411765,2,5,1.2101688936931567,1.2829490063630293
2,42,46.29411765,3,4,1.1083623510545673,1.1782719713224654
1,45,48.42857143,4,3,1.0415800801325865,1.1959958401414863
2,53,48.42857143,3,4,1.1098152067195546,1.2772246555326459
1,42,46.40677966,2,4,0.929000922236958,1.1879690336144884
2,53,46.40677966,4,3,1.0974794807446653,1.2076612140040517
1,50,47.68376068,3,4,1.1038376105412415,1.3019454496223275
2,34,47.68376068,5,3,1.0760245272799822,1.3263872091631952
1,50,47.68376068,4,2,1.1805756779264562,1.5348491746097594
1,41,48.42857143,4,3,1.0517464435633415,1.26554042171471
2,36,48.42857143,5,2,1.106378988373278,1.2773360208174693
1,52,47.68376068,3,4,1.109561066395992,1.3186739735894952
2,49,47.68376068,3,4,1.1844663542310065,1.2790033180713143
1,41,46.40677966,3,4,1.0298710042726273,1.2477766907091083
2,45,46.40677966,2,5,0.929000922236958,1.1471770088958195
1,39,43.57142857,3,4,1.1038376105412415,1.1852268556972632
2,42,43.57142857,3,3,1.1098152067195546,1.3283387554227586
1,39,45.50340136,2,4,0.9214675707462134,1.2386075745480747
2,48,45.50340136,2,4,0.9883142767188764,1.3353389988998146
2,62,47.68376068,2,4,1.2499647535050955,1.5455311276436974
1,37,45.04255319,3,3,1.046747893244758,1.2567232402841242
2,48,45.04255319,2,3,1.0853470039868747,1.1311280475120642
1,28,41.88235294,4,3,1.0974794807446655,1.2695478433878307
2,61,41.88235294,3,3,1.1844663542310065,1.465324662007779
1,44,48.42857143,3,4,1.0127175055265087,1.3095504500638573
2,40,48.42857143,2,3,0.9214675707462134,1.2710903986497681
1,50,41.88235294,3,4,0.983416445784084,1.1410642270226607
2,44,41.88235294,4,4,1.0974794807446655,1.4552030694628701
1,54,47.68376068,2,3,1.1660722307952915,1.2256711349395701
2,49,47.68376068,5,4,0.9879209808264326,1.3186739735894952
1,41,46.1372549,4,4,0.8909371921758027,1.1582799283914516
1,46,46.1372549,2,4,1.1749810009086694,1.2595859865540993
2,35,46.1372549,5,4,1.078137978053367,1.199088630992867
1,43,46.40677966,2,4,1.01132284681181,1.3209866435988977
2,48,46.40677966,3,5,1.0136335814986552,1.205255485234607
1,42,47.68376068,4,4,1.1000817723123644,1.2525550451204208
2,40,47.68376068,2,4,1.0853470039868747,1.3186739735894952
1,38,45.50340136,3,4,0.9741543973257416,1.1806539934470068
2,31,45.50340136,4,3,0.928900461250731,1.3263872091631952
1,43,46.40677966,4,4,1.1723239380300523,1.1692189251742944
2,37,46.40677966,3,3,1.1032649895327786,1.392856579721598
2,35,46.1372549,4,4,0.7541263439893109,1.3120497318940378
1,56,45.04255319,2,4,1.0853470039868747,1.3186739735894952
2,61,45.04255319,3,4,1.1844663542310065,1.2650608520763904
1,33,43.57142857,4,4,0.9770918901140009,1.173494997263238
2,48,43.57142857,3,4,1.0072893464458506,1.3459616983391198
1,33,46.29411765,3,3,1.1625290941007078,1.2245267053197655
2,53,46.29411765,3,3,1.0127175055265087,1.2388884669287705
1,42,41.88235294,2,5,0.9214675707462134,1.2188474652135055
2,37,41.88235294,3,3,1.157541897043839,1.1567263229384188
1,56,46.40677966,3,4,1.1341331477879326,1.3151288463244404
2,47,46.40677966,3,4,0.983416445784084,1.2680030110844076
1,50,45.04255319,2,3,1.0961504196853569,1.1450570059030234
1,64,48.42857143,3,3,1.0752196618229506,1.2245267053197655
2,33,48.42857143,4,4,1.0519649847236257,1.220770044279877
1,68,46.1372549,2,4,1.1749810009086694,1.1972486055199705
2,45,46.1372549,4,2,1.1038237044784787,1.2447944426275108
1,52,45.50340136,2,4,1.1097502716708738,1.0247252644548692
2,46,45.50340136,3,3,0.9445419939672958,1.234629641171117
1,46,46.29411765,2,3,1.0871269308604061,1.3884917169345092
2,46,46.29411765,2,4,1.1191846009493573,1.37192306613106
1,50,47.68376068,4,4,1.116711713112167,1.2702299492488227
2,60,47.68376068,2,4,1.1749810009086694,1.3186739735894952
2,50,45.04255319,2,4,1.1379479950181788,1.2339224144929613
1,51,45.29133858,2,4,1.01132284681181,1.616430611982199
2,40,45.29133858,4,5,0.9854704679990163,1.2825244160131724
1,35,41.88235294,3,4,1.0549600663002048,1.220770044279877
2,49,41.88235294,3,4,1.0752196618229506,1.2136688167081537
1,25,45.50340136,4,3,0.9374649714127338,1.26554042171471
2,35,45.50340136,2,2,1.1191846009493573,1.1541992042062268
1,33,45.29133858,4,4,0.9323067034142104,1.3683726002062584
2,64,45.29133858,3,4,1.1776027887741736,2.0542860275621226
1,28,45.04255319,4,2,0.9533083991974276,1.261378705084157
2,36,45.04255319,3,3,1.0750308199157568,1.250342701644124
1,39,46.1372549,4,3,0.885971089538817,1.3787339131171084
1,53,46.40677966,4,3,1.0926067669831643,1.4002309195195937
1,66,41.88235294,2,3,1.1191846009493573,1.3132631161149548
2,50,41.88235294,5,4,1.1627608918002488,1.3603952672060835
1,27,46.40677966,6,2,1.002913814589929,1.261378705084157
2,45,46.40677966,2,3,1.0210967798626103,1.3391396299375093
1,49,46.1372549,3,3,1.0381322316048691,1.2214238498654455
2,32,46.1372549,4,3,0.9667903858898446,1.1943107914479143
1,47,48.42857143,2,5,1.1766973042599869,1.295380129397494
2,44,48.42857143,4,4,0.9265465206180459,1.3632403346391477
1,45,45.04255319,3,4,1.0752196618229506,1.1916960289327396
2,33,45.04255319,6,3,1.0821059814554257,1.2134854137217506
2,35,46.40677966,4,2,0.9362192246064576,1.5348491746097594
1,40,46.29411765,4,3,1.0614304591291233,1.1663003526064921
2,32,46.29411765,5,3,0.9917937627496153,1.26554042171471
1,50,46.1372549,2,3,1.1749810009086694,1.2438389171403144
2,51,46.1372549,2,4,1.0210967798626103,1.217523093690089
1,47,47.68376068,4,4,1.0519649847236257,1.4202034094109421
2,37,47.68376068,6,3,1.046437412744851,1.2319437146259775
1,32,45.50340136,4,3,1.0270412627568322,1.1663003526064921
2,26,45.50340136,2,4,1.0618529272025734,1.1626980914914897
1,42,47.68376068,3,4,1.115460743567523,1.4049592790278478
2,51,47.68376068,4,4,1.0067916606422989,1.3434728355264074
1,43,45.29133858,3,4,0.9055452895205072,1.1826533881625987
1,25,40.55555556,4,3,1.045846841088532,1.1479968670223755
2,43,40.55555556,2,3,1.072274395773931,1.234629641171117
1,41,45.29133858,3,4,1.0752196618229506,1.421821546452935
2,58,45.29133858,2,4,1.0338439750995212,1.2350659171138145
1,20,40.55555556,6,2,0.8515340020438119,1.2567184824465463
2,44,40.55555556,2,3,1.0641392794895235,1.2245267053197655
1,27,41.88235294,3,4,1.1032649895327786,1.0571293901073824
2,40,41.88235294,3,4,1.157541897043839,1.1626980914914897
1,23,45.29133858,5,4,0.9135705699141843,1.282663577322555
2,40,45.29133858,4,2,1.0614304591291233,1.3407294932513971
2,55,45.29133858,5,3,0.9580566629690719,1.1476318643969157
1,31,45.04255319,4,3,0.9533083991974276,1.2066037511342753
2,44,45.04255319,2,4,1.1602608319738192,1.1606738756835064
1,48,41.88235294,2,4,1.1749810009086694,1.328156363770732
2,49,41.88235294,4,4,1.1499285932606713,1.1925677973100623
1,30,46.29411765,4,4,0.9781727801619217,1.2108815423428443
2,54,46.29411765,3,3,1.1037375014523663,1.2438389171403144
1,52,46.40677966,2,4,1.0210967798626103,1.4811576377102482
2,46,46.40677966,4,2,1.116711713112167,1.261378705084157
1,54,46.40677966,2,3,1.0210967798626103,1.2214238498654455
2,56,46.40677966,3,3,1.022930487043462,1.234629641171117
1,47,45.04255319,2,3,1.1973566654392411,1.2084583728502558
1,45,46.1372549,4,4,0.9706128925995744,1.1872554165401772
2,46,46.1372549,3,3,1.022930487043462,1.31011376978259
1,31,46.29411765,4,4,1.108275020491889,1.253730023066596
2,38,46.29411765,2,4,0.7870636077297231,1.243600373905406
1,38,45.29133858,3,3,1.0046527092229223,1.1359483271007391
2,27,45.29133858,2,3,1.1327408035722168,1.198169567314402
1,45,47.68376068,3,4,1.1781101238700378,1.3552745237949002
2,39,47.68376068,3,2,1.065061521899737,1.3787699985185276
1,41,46.40677966,4,2,0.8702629899044886,1.3608944930945979
2,36,46.40677966,4,3,1.1419974820787395,1.2704864826849154
2,21,45.04255319,4,3,0.970999671459165,1.2429601409305542
1,40,45.29133858,4,4,1.1211026234619745,1.2914353982512683
2,37,45.29133858,4,3,0.8404391098951947,1.3599591999561502
1,24,41.88235294,4,4,0.819270758146402,1.2036848045505728
2,56,41.88235294,3,3,1.0932254403200334,1.2439596428459312
1,35,45.04255319,3,3,1.0752196618229506,1.2742828492503824
2,40,45.04255319,4,4,0.9667903858898446,1.2506857848624373
1,40,46.29411765,3,4,1.0046527092229223,1.2378348453912273
2,47,46.29411765,3,4,1.1625290941007078,1.279247514065514
1,38,45.50340136,4,4,0.8702629899044886,1.2784716085377843
2,46,45.50340136,4,3,0.9706128925995744,1.2256394006958018
1,50,48.42857143,5,3,0.7893814365216607,1.2877664945990415
1,43,48.42857143,4,3,1.1123459358187693,1.3363207054894632
2,38,48.42857143,2,4,1.0210967798626103,1.2036848045505728
1,44,46.29411765,3,4,1.022930487043462,1.290927192336444
2,43,46.29411765,3,3,1.1625290941007078,1.2509705461699532
1,44,41.88235294,3,4,1.1781101238700378,1.2161104851085347
2,64,41.88235294,3,4,1.0567571596621763,1.4521710303943116
1,29,47.68376068,5,4,1.0089625832644606,1.154495592454291
2,38,47.68376068,3,4,1.0046527092229223,1.3514985007320486
1,48,45.50340136,2,5,0.7870636077297231,1.0528883880868278
2,40,45.50340136,6,4,0.8675322998232454,1.2533466308961108
2,42,48.42857143,2,3,1.0308902105473625,1.122821817434411
1,33,46.40677966,3,3,1.1625290941007078,1.2690646242533412
2,31,46.40677966,4,4,0.9781727801619217,1.1933832408723604
1,34,45.04255319,5,3,1.104761791195726,1.2344309955957902
2,48,45.04255319,3,3,1.0752196618229506,1.2245267053197655
1,48,46.1372549,2,4,1.0544792471746944,1.279247514065514
2,39,46.1372549,2,3,0.8838140051376261,1.0752609361999077
1,48,46.40677966,2,3,1.1616717262150456,1.2237496732952968
2,38,46.40677966,4,3,0.903025675741747,1.350410198908527
1,35,48.42857143,3,4,1.0932254403200334,1.110566013879597
2,45,48.42857143,4,3,0.9597273491881404,1.303291892335402
1,35,46.1372549,2,3,0.9041452283799294,1.4827339517878049
1,43,46.29411765,3,4,1.0800932746237177,1.2056343717204903
2,48,46.29411765,4,3,1.2133265391699024,1.2613315313538038
1,25,41.88235294,6,3,0.8851754056606455,1.2439596428459312
2,41,41.88235294,4,3,1.037940846615547,1.198169567314402
1,58,45.04255319,2,4,1.0790231596403648,1.2965423760690382
2,26,45.04255319,4,3,0.8702629899044886,1.2751632380224287
1,39,47.68376068,3,4,1.0750308199157568,1.3186739735894952
2,32,47.68376068,6,3,0.9293292970840734,1.3915657615147314
1,36,45.29133858,3,4,1.0349321191295242,1.279247514065514
2,33,45.29133858,3,3,0.9490756984436,1.1709888008324225
2,37,46.1372549,6,3,1.0776975989667084,1.2557053312941868
1,31,46.29411765,4,3,0.9533083991974276,1.1859610752064622
2,48,46.29411765,2,4,1.1191846009493573,1.2721299342803045
1,47,46.1372549,2,3,1.265542644454066,1.3915657615147314
2,27,46.1372549,3,3,0.7573001497763974,1.0752609361999077
1,24,47.68376068,4,4,1.0568616020265367,1.3822346886762316
2,60,47.68376068,2,3,1.1660722307952915,1.091790674054687
1,48,48.42857143,2,3,1.1616717262150456,1.2319437146259775
2,55,48.42857143,4,4,0.9869274717131895,1.0503010995742992
1,55,46.40677966,2,4,1.0790231596403648,1.3657037322157572
2,58,46.40677966,3,4,1.0750308199157568,1.3042343304036796
2,26,46.1372549,5,3,1.0011985997700277,1.1633068645495963
1,28,45.50340136,4,3,1.0926067669831643,1.2697292622473382
1,40,47.68376068,4,3,1.1268664456148734,1.3328939401488615
2,56,47.68376068,4,5,1.1596624198906853,1.3335873443576176
1,62,46.29411765,2,4,1.1191846009493573,1.324664601476981
2,43,46.29411765,5,4,1.0444952958857276,1.2090583835055975
1,61,46.1372549,3,4,1.163639418563043,1.2533466308961108
2,42,46.1372549,3,4,1.078918522565562,1.0806963080610243
1,40,46.40677966,5,3,0.7883273056236073,1.3918805995279453
2,58,46.40677966,2,5,1.0210967798626103,1.2497137078800704
1,45,46.1372549,2,3,1.072274395773931,1.0752609361999077
2,45,46.1372549,4,3,1.1176004685076135,1.1945605603523781
2,78,45.50340136,2,2,1.1122436007315182,1.5348491746097594
1,29,45.04255319,7,3,1.0323560796481785,1.2994485176774464
2,30,45.04255319,3,3,1.0752196618229506,1.198169567314402
1,52,45.50340136,3,4,1.078918522565562,1.2056343717204903
2,35,45.50340136,3,3,1.115460743567523,1.2548720437030756
1,37,38.33333333,3,3,1.057549552089327,1.14238157194361
2,43,38.33333333,2,4,1.1616717262150456,1.2784716085377843
1,67,46.40677966,2,5,1.1206270497610993,1.2274430381884138
2,63,46.40677966,3,3,1.1098152067195546,1.2690646242533412
1,36,45.50340136,3,2,1.078918522565562,1.1625412633713843
2,55,45.50340136,4,3,1.0818701613377089,1.2548720437030756
1,48,47.68376068,3,3,1.1924448859851606,1.2119957022771732
1,55,45.04255319,3,4,1.1114009214568232,1.2933392321236
2,45,45.04255319,3,4,1.0939480731131803,1.243764373375849
1,29,41.88235294,4,3,1.0279379151111663,1.1067152228307544
2,46,41.88235294,6,4,0.9922285177394098,1.3868532509782845
1,37,38.33333333,3,4,1.11364233267413,1.2784716085377843
2,34,38.33333333,4,4,1.1151057551424075,1.1872554165401772
1,41,45.29133858,4,4,1.0568616020265367,1.1935424247011572
2,36,45.29133858,3,4,1.0086020577675978,1.2470827617694444
1,36,46.40677966,3,3,1.1413843331814162,1.405611156806706
2,36,46.40677966,3,2,1.0927692963364863,1.4437620771325004
2,71,47.68376068,3,3,1.2291040712220271,1.3232902671440685
1,30,41.88235294,2,4,1.096098004023603,1.0676920762562139
2,39,41.88235294,3,4,1.018079359812637,1.3181163059204475
1,34,46.1372549,4,3,0.9714091147565429,1.2728729923189397
2,48,46.1372549,3,3,1.022930487043462,1.2803873538988633
1,26,45.29133858,3,3,1.057549552089327,1.198169567314402
2,41,45.29133858,3,4,1.0701791552209434,1.307537184159444
1,32,45.50340136,2,3,1.1602608319738192,1.3541692683190185
2,32,45.50340136,6,3,0.9142159131365578,1.3444566331998367
1,61,45.04255319,2,4,1.1616717262150456,1.273827729649427
2,53,45.04255319,2,3,1.0853470039868747,1.3565041431023914
1,27,45.50340136,5,3,0.9442977327466922,1.2697292622473382
1,58,48.42857143,2,4,1.1561666538630448,1.784866297974594
2,41,48.42857143,4,4,1.0666945821605371,1.243764373375849
1,42,45.04255319,4,4,1.1446176427005488,1.2706721159995475
2,49,45.04255319,2,4,1.0853470039868747,1.4355466182838796
1,41,45.50340136,2,3,1.1602608319738192,1.2324881791091478
2,38,45.50340136,3,4,1.022930487043462,1.2742188804998436
1,50,45.29133858,3,3,1.0750308199157568,1.198169567314402
2,49,45.29133858,4,3,1.005143659451802,1.3918805995279453
1,37,48.42857143,3,3,1.0686909182298783,1.3087894450350515
2,38,48.42857143,3,4,1.0752196618229506,1.2299001781700847
1,51,45.04255319,2,3,0.982028739533854,1.1627602876608467
1,50,41.88235294,3,4,1.022930487043462,1.4031693028903789
2,34,41.88235294,4,4,0.9615083566998642,1.1436270841985205
1,40,47.68376068,4,4,1.1602302537581373,1.3514985007320486
2,49,47.68376068,4,4,1.1151057551424075,1.2617810327381578
1,36,41.88235294,4,3,1.060150370980869,1.2534690668341122
2,37,41.88235294,4,4,1.0568616020265367,1.051399037888201
1,37,48.42857143,4,4,0.914827785883934,1.3150624903245889
2,41,48.42857143,3,3,1.0686909182298783,1.198169567314402
1,37,45.04255319,2,3,1.0210967798626103,1.277297677330102
2,24,45.04255319,5,2,0.9906498250428587,1.497255142619399
2,23,45.04255319,5,2,0.7678254966402358,1.0940912121599125
1,22,38.78571429,3,3,1.1401154455099813,1.0752609361999077
2,31,38.78571429,4,4,1.1176004685076135,1.2448300143981572
1,52,45.50340136,3,4,1.0208188049011524,1.2470827617694444
2,39,45.50340136,3,3,1.078918522565562,1.198169567314402
1,31,46.29411765,3,3,1.1401154455099813,1.25782528674331
2,46,46.29411765,3,3,0.9709948633668152,1.2964678276765162
1,47,46.40677966,2,5,1.0210967798626103,1.3654998418804953
2,49,46.40677966,4,2,1.0327860248951128,1.497255142619399
1,49,45.50340136,3,3,0.9655534586530053,1.2803873538988633
2,29,45.50340136,5,2,0.9906498250428587,1.3543273638347721
1,68,47.68376068,2,3,1.1973566654392411,1.4002309195195937
1,42,38.78571429,3,3,1.1281927254069257,1.0752609361999077
2,33,38.78571429,5,4,1.0614408841451344,1.2400497103708068
1,53,40.55555556,2,4,1.1224755121038945,1.3453362667065283
2,21,40.55555556,5,3,1.078616304394536,1.1955502225315133
1,21,45.29133858,5,4,0.8774043408844652,1.4114513108692779
2,33,45.29133858,2,3,1.0853470039868747,1.1805224925798228
1,76,46.29411765,3,4,1.1819458282624928,1.3570797735945974
2,56,46.29411765,5,5,1.105256966584363,1.1820827356892125
1,35,40.55555556,4,4,0.9685265801455729,1.3016008675049318
2,51,40.55555556,4,3,0.9748638819509625,1.1955502225315133
2,73,47.68376068,5,4,1.0480743861806854,1.82393351804632
1,40,41.88235294,3,4,1.1281927254069257,1.3514985007320486
2,47,41.88235294,4,4,1.1074233478042088,1.0407091789191991
1,33,45.29133858,3,3,1.022930487043462,1.117580575059492
2,45,45.29133858,2,3,1.1766973042599869,1.2670966002042114
1,47,47.68376068,2,4,1.0210967798626103,1.216855212873607
2,56,47.68376068,3,2,1.0092563315645777,1.4437620771325004
1,27,47.68376068,4,3,0.914827785883934,1.277297677330102
2,44,47.68376068,3,3,1.0752196618229506,1.198169567314402
1,42,46.1372549,2,3,1.0853470039868747,1.3767360336121568
2,45,46.1372549,2,3,1.0557675454723427,1.277297677330102
1,57,45.29133858,3,4,0.8738547053371416,1.3746842261593355
1,34,46.1372549,5,2,0.989359610057523,1.4437620771325004
2,35,46.1372549,5,4,1.051117717843075,1.2965423760690382
1,31,43.67241379,3,4,1.0501808555265821,1.283421997015286
2,32,43.67241379,3,4,0.9424266394129631,1.2102387956628193
1,30,47.02777778,5,3,0.9591222289294251,1.3975907330290347
2,50,47.02777778,3,4,1.1009254415560283,1.3841698321315117
1,70,43.67241379,2,4,1.2130883568282325,1.3007969781522997
2,64,43.67241379,5,3,1.139498952045099,1.296331124213867
1,41,43.67241379,3,3,1.1964974201516638,1.289469441341826
2,30,43.67241379,4,3,0.9913535396088137,1.13751145744067
1,47,45.50340136,5,3,0.9073361945906955,1.1627602876608467
2,32,45.29133858,5,4,1.1502222705281653,1.2611692521091897
1,31,44.71212121,4,3,1.0886973624833738,1.3535136651825637
2,49,44.71212121,4,3,0.9747442853346803,1.2469882207188279
1,49,44.71212121,3,3,0.9424266394129631,1.3975907330290347
2,30,44.71212121,5,3,1.0607535372242252,1.1225175036574448
1,54,47.02777778,3,4,0.9701497269800511,1.3007969781522997
2,39,47.02777778,4,4,1.1518635572602314,1.3231853329844676
1,34,43.67241379,3,4,1.203025204559505,1.4101822019875125
2,24,43.67241379,5,3,0.9591222289294251,1.2292996585678313
1,43,47.02777778,2,4,1.142357680181613,1.1555403224537864
2,45,47.02777778,5,4,1.1457886018434214,1.3040855164818632
1,35,46.1372549,4,2,0.9110155387805448,1.3741469848040264
1,51,44.71212121,2,3,1.2130883568282325,1.3637181972785237
2,38,44.71212121,4,3,0.9913535396088138,1.1554705112465375
1,42,47.02777778,4,3,1.1189098163778897,1.3975907330290347
2,49,47.02777778,2,3,0.9693719775515692,1.204475828462629
1,31,44.71212121,4,4,0.8916782195045697,1.217257622262133
2,51,44.71212121,2,4,1.2130883568282325,1.283421997015286
1,55,44.71212121,2,4,1.1508589480766716,1.3655881109649624
2,44,44.71212121,2,4,1.151098012896761,1.256258686798828
1,51,43.67241379,4,4,1.1518635572602314,1.2074771830766378
2,24,43.67241379,5,3,1.1359772297730615,1.273281389755731
2,43,46.1372549,2,4,1.1518607150650624,1.3496287573400714
1,22,43.67241379,7,4,1.0648017592527326,1.2492880365532435
2,36,43.67241379,4,2,1.0121193610213703,1.0924138267180976
1,37,47.02777778,4,4,0.8754887233114321,1.3841698321315117
2,31,47.02777778,2,4,1.151098012896761,1.176005208117343
1,37,47.02777778,4,4,1.2242402330867805,1.217257622262133
2,47,47.02777778,2,3,1.2130883568282325,1.1089849081815817
1,44,44.71212121,6,3,1.0567674579322193,1.4694276486344788
2,33,44.71212121,3,4,1.177624419976151,1.3580835645805038
1,45,43.67241379,3,3,1.1174199387655828,1.1827299688535786
2,33,43.67241379,3,5,1.022930487043462,1.2308988501556906
1,41,46.29411765,3,3,0.8749858451628486,1.4827339517878049
1,44,44.71212121,4,3,1.2242402330867805,1.1601019721669406
2,32,44.71212121,5,4,0.8936446043322743,1.1627400879964283
1,43,38.78571429,3,3,1.203025204559505,1.2286124465500001
2,39,38.78571429,6,5,1.1213952269918395,1.248349241683495
1,36,45.50340136,4,4,1.1518635572602314,1.2065319089703654
2,49,45.50340136,4,3,0.9588690856324315,1.273281389755731
1,46,47.68376068,3,6,1.1744835422986533,1.2988729466728073
2,38,47.68376068,3,4,1.1174199387655828,1.3655881109649624
1,47,46.29411765,4,4,1.2242402330867805,1.3478799679208469
2,36,46.29411765,4,3,1.1255391071408931,1.13751145744067
2,71,46.29411765,2,4,1.1973566654392411,1.1462366748054744
1,46,47.68376068,4,3,1.109921132661252,1.2292996585678313
2,49,47.68376068,2,4,1.2130883568282325,1.3655881109649624
1,50,46.95833333,2,4,1.1205548024654783,1.246825474484409
2,50,46.95833333,2,4,1.1668608796809061,1.3627658370367088
1,50,45.50340136,3,4,0.9482618340400885,1.3478799679208469
2,64,45.50340136,3,4,1.1905475708267035,1.180249347419344
1,29,47.68376068,4,5,1.109921132661252,1.1478257767187452
2,52,47.68376068,2,4,1.1668608796809061,1.6277151266427305
1,38,43.57142857,4,3,1.1348449617734446,1.2292996585678313
2,46,43.57142857,3,3,1.203025204559505,1.3123867773113156
1,32,46.1372549,3,3,0.957929420478307,1.1450570059030234
1,50,46.95833333,3,4,1.2030621893484914,1.2788492293536808
2,37,46.95833333,5,3,0.9989598810225419,1.1089849081815817
1,64,46.29411765,3,4,1.1003137181549125,1.4092157528511395
2,34,46.29411765,4,3,1.1167624329807613,1.273281389755731
1,42,45.50340136,3,2,0.9676587115604415,1.364978215378669
2,38,45.50340136,3,3,1.203025204559505,1.0895975990856042
1,52,47.68376068,3,4,1.1870237061308992,1.2009945933970467
1,31,46.29411765,3,4,1.1498949891686818,1.3070792700841856
2,45,46.29411765,2,4,1.1205548024654783,1.3580835645805038
1,49,43.57142857,4,3,1.1372747635074911,1.243306070603919
2,42,46.1372549,4,4,1.1610056141407024,1.2685736571671182
2,55,43.57142857,2,3,1.1668608796809061,1.3109910968631857
1,43,45.29133858,3,5,1.2030621893484914,1.25968693635659
2,38,45.29133858,3,3,0.9676587115604415,1.1475000976512406
1,42,38.78571429,2,4,1.1411188523839146,1.3284267248528234
2,48,38.78571429,4,4,1.1948696993130037,1.3306732112922721
1,34,46.29411765,3,4,1.1905475708267035,1.4540345676261286
2,46,46.29411765,4,4,1.1525421195402366,1.2498115645362975
1,37,43.57142857,4,4,0.9734167437726962,1.226548190369607
2,45,43.57142857,2,4,1.1668608796809061,1.1612631525556567
1,55,45.29133858,2,2,1.1508589480766716,1.3294050117654717
1,43,45.50340136,3,3,1.1058142054935214,1.5359104441948004
2,86,45.29133858,3,4,1.2161746279492947,1.2009945933970467
1,52,46.95833333,3,4,1.9137032016436522,1.4577120901134124
2,34,46.95833333,4,4,1.0423495758880805,1.378857416920017
1,41,45.29133858,3,3,1.0938378144345988,1.204475828462629
2,30,45.29133858,3,4,1.1316521610508326,1.1627400879964283
1,39,38.78571429,4,4,1.1946957589983729,1.2812038468555151
2,17,38.78571429,3,3,1.1905475708267035,1.3554263634096504
1,55,47.68376068,3,3,1.062195288206578,1.4045183911050805
2,66,47.68376068,2,3,1.2001829921413285,1.3321000265551204
1,42,46.95833333,2,4,1.0045911872719557,1.3024431705617672
2,68,45.50340136,3,3,1.1433922631034086,1.4002309195195937
2,47,46.95833333,4,4,1.036161911670905,1.4152610408242432
1,25,45.29133858,4,4,1.1069165050457022,1.2175298766997715
2,51,45.29133858,2,4,1.2351978456893242,1.2812038468555151
1,35,46.1372549,3,4,1.203025204559505,1.2563042015125419
2,52,46.1372549,2,4,1.1668608796809061,1.217257622262133
1,48,48.42857143,3,4,1.1539633158081435,1.3207548920185803
2,62,48.42857143,2,4,1.0045911872719557,1.4025132674938756
1,60,38.78571429,3,4,1.1863305571475797,1.2175298766997715
2,64,38.78571429,2,3,1.2351978456893242,1.2602730459292875
1,45,46.1372549,4,4,1.1991417240131415,1.2150988804343843
1,23,46.40677966,4,2,0.9977021662889795,1.3741469848040264
2,36,46.1372549,3,3,1.0562800348991004,1.204475828462629
1,65,45.50340136,2,4,1.0045911872719557,1.4020901605947995
2,47,45.50340136,3,4,1.062195288206578,1.2807715232633003
1,53,48.42857143,3,4,1.1539633158081435,1.2572145993889183
2,44,48.42857143,3,4,1.1174199387655828,1.3773797687149951
1,34,46.29411765,5,4,0.9422672525438178,1.3428804985541491
2,64,46.29411765,3,3,1.1863305571475797,1.2324535600999564
1,49,46.1372549,3,3,1.1500637461763674,1.1827299688535786
2,49,46.1372549,3,3,1.1316521610508326,1.2463950192044002
1,35,45.50340136,2,4,1.0830575944304468,1.3106183195858168
2,40,45.50340136,3,3,0.8694672821367136,1.2508258369693692
2,44,46.40677966,2,4,1.1518607150650624,1.069924698569016
2,71,45.50340136,5,4,0.9182343277989962,1.2938518794570344
1,44,48.42857143,4,3,0.9982490770073987,1.34738458895765
2,48,48.42857143,4,3,1.1783464115060427,1.5211574283287723
1,55,46.1372549,3,4,1.1316521610508326,1.3596629158833027
2,46,46.1372549,3,4,1.2161746279492947,1.226548190369607
1,53,51.86363636,2,3,1.0045911872719557,1.318429889492969
2,60,51.86363636,2,3,1.1880463857103445,1.2887378217924843
1,70,45.50340136,2,3,1.2001829921413285,1.318429889492969
2,100,45.50340136,3,3,1.1863305571475797,1.3431862135553692
1,32,46.29411765,4,3,1.1678392067955174,1.204475828462629
1,42,48.42857143,2,3,1.0961504196853569,1.4430651954705482
2,59,46.29411765,3,3,1.1316521610508326,1.309674881850195
1,48,47.45238095,5,3,1.1319815253301104,1.334731250241641
2,53,47.45238095,4,3,1.1850369873052253,1.353160823108593
1,39,46.95833333,4,5,1.1948696993130037,1.3841274236218148
2,47,46.95833333,2,3,1.0790231596403648,1.318429889492969
1,48,46.29411765,3,4,1.009121216902437,1.243900996467386
1,34,47.68376068,4,4,0.9902999654524156,1.2760460678049292
2,48,47.68376068,4,3,1.1850369873052253,1.4294514795202737
1,43,46.95833333,2,3,1.0790231596403648,1.353160823108593
2,40,46.95833333,3,4,1.12528659259348,1.3462636516961166
2,74,48.42857143,2,4,1.009821093122762,1.3243253397813433
1,43,40.96153846,2,3,1.2351978456893242,1.1944476908627226
2,49,40.96153846,4,5,1.2229915670497582,1.1975803596175922
1,45,46.29411765,3,4,1.203025204559505,1.2734511015234642
2,38,46.29411765,4,3,0.9835610667444223,1.318429889492969
1,45,47.68376068,3,4,1.0542765931268898,1.1614403265312738
2,48,47.68376068,3,4,1.009121216902437,1.4217962414122562
1,48,46.95833333,4,4,1.0983999723625841,1.2808477767039947
2,49,46.95833333,3,4,1.1819458282624928,1.3164038206354909
1,37,46.1372549,5,3,0.9242102924644143,1.2687340803278782
2,38,46.1372549,3,4,1.1316521610508326,1.2507264263949838
1,60,47.68376068,2,4,1.1122436007315182,1.5413299592218885
1,59,46.40677966,4,3,1.1948696993130037,1.443856886552662
2,40,46.40677966,5,2,1.091087295746813,1.353930929648282
1,35,47.45238095,4,3,1.1124462808302564,1.3121346179017401
2,51,47.45238095,4,4,1.1592686708290914,1.3445819305286912
1,53,46.1372549,2,4,1.1668608796809061,1.5847420282702294
2,41,46.1372549,3,3,1.1057011115953947,1.370824929848866
1,49,46.40677966,2,4,1.2130883568282325,1.1821239916517072
2,46,46.40677966,3,2,1.2592881210902598,1.353930929648282
1,51,47.68376068,3,5,1.0542765931268898,1.3780713048740327
2,42,47.68376068,3,3,1.103918953391899,1.3502958997204184
2,56,47.68376068,4,4,1.0939261850961186,1.438119377727027
1,57,45.50340136,2,3,1.1571679073193333,1.2443429218846813
2,17,45.50340136,5,3,0.9242102924644143,1.353160823108593
1,47,46.29411765,3,3,1.1057011115953947,1.1558392498688306
2,65,46.29411765,2,4,1.2351978456893242,1.5847420282702294
1,31,46.95833333,4,4,1.0302662214015437,1.3029486907353354
2,42,46.95833333,3,3,1.103918953391899,1.2443429218846813
1,41,47.45238095,3,3,1.187497904734631,1.4294514795202737
2,47,47.45238095,3,3,1.0542765931268898,1.353160823108593
1,35,40.96153846,4,4,1.136995574723239,1.366505879114443
2,36,40.96153846,2,3,1.1071157765757096,1.1558392498688306
1,67,46.40677966,2,3,0.982028739533854,1.4110663895213784
1,31,45.50340136,5,3,1.0165697836999734,1.318429889492969
2,90,45.50340136,2,4,1.2130883568282325,1.2593991496487682
1,40,40.96153846,3,3,1.0542765931268898,1.1104057173943656
2,50,40.96153846,2,4,1.2351978456893242,1.4217962414122562
1,46,45.50340136,3,3,1.009121216902437,1.126753387115358
2,52,45.50340136,2,3,1.2351978456893242,1.2056177789359135
1,54,46.40677966,3,4,1.203025204559505,1.5148706173314448
2,39,46.40677966,4,3,1.0996731802786566,1.318429889492969
1,38,47.68376068,4,4,1.0047132717708422,1.304843383842682
2,50,47.68376068,2,4,1.2004347155185682,1.4649750584827257
2,65,46.40677966,3,4,1.1622067767173916,1.1846093843484742
1,56,48.42857143,3,3,1.0598191658540441,1.353160823108593
2,36,48.42857143,4,3,1.0671454489141117,1.1558392498688306
1,53,46.40677966,3,3,1.203025204559505,1.308514184176499
2,54,46.40677966,4,4,1.1850369873052253,1.2841052954559862
1,69,46.1372549,6,4,1.18011186173776,1.2319454535245677
2,38,46.1372549,3,2,1.1316521610508326,1.353930929648282
1,79,47.68376068,10,7,1.1478278698222206,1.3013635689653504
2,41,47.68376068,2,3,1.10881891597241,1.3739044038263015
1,47,45.50340136,3,4,1.009121216902437,1.3684843285083321
2,55,45.50340136,3,4,1.0897321768821737,1.2508249650842036
1,41,45.29133858,2,3,1.0961504196853569,1.0319251232587632
1,61,46.29411765,3,5,1.2769105148027824,1.3195572662026582
2,62,46.29411765,4,4,1.1267398038173313,1.2319454535245677
1,76,45.29133858,2,3,1.2351978456893242,1.7359539530988546
2,54,45.29133858,4,4,1.1948696993130037,1.2361353496624834
1,51,48.42857143,2,4,1.0934297280149565,1.3334114340960983
2,45,48.42857143,4,4,1.156838869095045,1.2508249650842036
1,43,51.86363636,2,3,1.0790231596403648,1.1797459790370333
2,55,51.86363636,4,4,1.0047132717708422,1.2929025565128482
1,37,46.40677966,3,4,1.203025204559505,1.2734511015234642
2,42,46.40677966,4,3,1.0483012501811253,1.318429889492969
2,43,45.29133858,3,4,0.8199052404241517,1.0975594775584636
1,55,46.1372549,2,4,1.1668608796809061,1.2020602003066343
2,33,46.1372549,5,4,1.0881767705307765,1.2806738286950843
1,44,45.50340136,4,4,0.982904932823448,1.2203768995175786
2,41,45.50340136,6,3,0.9591761262496847,1.2714200827677835
1,68,46.29411765,2,3,1.2004347155185682,1.353160823108593
2,34,46.29411765,6,3,1.1280392323035688,1.326921106594689
1,56,51.86363636,3,5,1.2303234566270846,1.3546703581536244
2,36,51.86363636,4,3,1.0983999723625841,1.1665973201941424
1,50,46.1372549,3,3,1.1316521610508326,1.3238706392027957
2,36,46.1372549,2,3,0.9646450315544127,1.3068797154721168
1,47,46.1372549,3,3,1.006632881399492,0.9939283232259366
1,44,46.40677966,3,4,1.203025204559505,1.334981229626945
2,61,46.40677966,2,3,1.0934297280149565,1.296331124213867
1,45,46.1372549,3,4,1.1441275962485715,1.3051116434265893
2,57,46.1372549,3,4,1.1316521610508326,1.4035569047775194
1,41,38.33333333,4,3,1.1152720763758577,1.140174285754996
2,49,38.33333333,3,4,1.1097368647136518,1.260739185709192
1,39,45.50340136,3,4,1.1819458282624928,1.191888392097899
2,45,45.50340136,3,4,1.0591834321464577,1.26204476067658
1,36,46.40677966,4,4,1.1948696993130037,1.309962122347252
2,40,46.40677966,3,2,1.0851905421016692,1.353930929648282
